Angle	Frequency	m	p	ARF	AF	m
0.5	0.5	9.9979731306	-1.29992684688E-06	0.3535533906	0.25	9.9979731306
0.5	1	9.9979441096	-5.97755862661E-08	0.5	0.5	9.9979441096
1	0.5	9.997896157	-3.8444091587E-06	0.7071067812	0.5	9.997896157
0.5	2	9.9978749407	8.50088091984E-06	0.7071067812	1	9.9978749407
1	1	9.997780566	-1.5370802278E-05	1	1	9.997780566
0.5	4	9.9977588907	-0.000003537	1	2	9.9977588907
0.5	6	9.9976603783	-4.33885287187E-05	1.2247448714	3	9.9976603783
2	0.5	9.9975407811	3.34796571792E-05	1.4142135624	1	9.9975407811
1	2	9.9975199294	-1.1446364973E-05	1.4142135624	2	9.9975199294
0.5	8	9.9975177632	-1.05137662022E-05	1.4142135624	4	9.9975177632
0.5	10	9.9973989145	6.54978972519E-06	1.5811388301	5	9.9973989145
0.5	12	9.9972495691	1.68722458113E-05	1.7320508076	6	9.9972495691
2	1	9.997075222	7.3678978195E-06	2	2	9.997075222
1	4	9.9970653382	-7.7758474975E-05	2	4	9.9970653382
0.5	16	9.9970071052	1.29952864122E-06	2	8	9.9970071052
0.5	20	9.9968735327	-5.71108842717E-05	2.2360679775	10	9.9968735327
1	6	9.9965729325	-7.14854870305E-05	2.4494897428	6	9.9965729325
0.5	24	9.9965735888	-1.75423627884E-05	2.4494897428	12	9.9965735888
4	0.5	9.9963045626	-0.0001351043	2.8284271247	2	9.9963045626
2	2	9.9961509644	-3.53447903739E-05	2.8284271247	4	9.9961509644
1	8	9.996102247	-0.0001261728	2.8284271247	8	9.996102247
0.5	32	9.9962285165	-0.000125742	2.8284271247	16	9.9962285165
1	10	9.9956701877	-0.00012866	3.1622776602	10	9.9956701877
0.5	40	9.9956411184	-1.7647719666E-05	3.1622776602	20	9.9956411184
1	12	9.9950417481	6.20674183791E-05	3.4641016151	12	9.9950417481
0.5	48	9.9952492462	-0.0001546544	3.4641016151	24	9.9952492462
0.5	56	9.9946102874	-0.0001957059	3.7416573868	28	9.9946102874
4	1	9.9942744597	0.0002104642	4	4	9.9942744597
2	4	9.9943302815	-0.0002536451	4	8	9.9943302815
1	16	9.9939916438	7.53589018583E-05	4	16	9.9939916438
0.5	64	9.9943702025	-0.0002718598	4	32	9.9943702025
1	20	9.9931768043	9.68587421058E-05	4.472135955	20	9.9931768043
0.5	80	9.9932582478	0.0001347995	4.472135955	40	9.9932582478
2	6	9.9924335386	-0.000171974	4.8989794856	12	9.9924335386
1	24	9.9919089218	0.0004321365	4.8989794856	24	9.9919089218
0.5	96	9.9927108557	-0.0002563347	4.8989794856	48	9.9927108557
0.5	112	9.9914500289	-0.0002457809	5.2915026221	56	9.9914500289
8	0.5	9.9913424021	-0.0006524961	5.6568542495	4	9.9913424021
4	2	9.9900219326	5.95467968305E-05	5.6568542495	8	9.9900219326
2	8	9.9907046142	-0.0005915962	5.6568542495	16	9.9907046142
1	32	9.9898771885	0.0003825316	5.6568542495	32	9.9898771885
0.5	128	9.9904639461	0.0001665418	5.6568542495	64	9.9904639461
2	10	9.9879377579	0.000398065	6.3245553203	20	9.9879377579
1	40	9.9879743157	0.000417432	6.3245553203	40	9.9879743157
0.5	160	9.9897649623	-0.0003392999	6.3245553203	80	9.9897649623
2	12	9.9851938132	0.0010179456	6.9282032303	24	9.9851938132
1	48	9.9868618753	-0.0008092133	6.9282032303	48	9.9868618753
0.5	192	9.9877988638	-2.9432520549E-06	6.9282032303	96	9.9877988638
1	56	9.9849382687	-0.0005154168	7.4833147735	56	9.9849382687
0.5	224	9.9859169334	-0.0001075823	7.4833147735	112	9.9859169334
8	1	9.9830432438	0.0006486793	8	8	9.9830432438
4	4	9.9830101258	-0.0010471821	8	16	9.9830101258
2	16	9.9826662298	0.00016721	8	32	9.9826662298
1	64	9.9827933477	-0.000270972	8	64	9.9827933477
0.5	256	9.982817833	0.0006257465	8	128	9.982817833
2	20	9.9792529317	-0.0005406783	8.94427191	40	9.9792529317
1	80	9.9802033408	-0.0016147027	8.94427191	80	9.9802033408
0.5	320	9.9823864194	-9.94162838724E-05	8.94427191	160	9.9823864194
4	6	9.9747179652	-0.0001927717	9.7979589711	24	9.9747179652
2	24	9.9749611618	-0.0008377808	9.7979589711	48	9.9749611618
1	96	9.9760116806	8.00458580688E-05	9.7979589711	96	9.9760116806
0.5	384	9.9776693712	-4.77264345134E-05	9.7979589711	192	9.9776693712
1	112	9.9714823251	-0.0009148011	10.5830052443	112	9.9714823251
16	0.5	9.9686710997	0.0021445199	11.313708499	8	9.9686710997
8	2	9.9677408886	-0.0007089892	11.313708499	16	9.9677408886
4	8	9.9661118054	0.0011897313	11.313708499	32	9.9661118054
2	32	9.9679970902	-0.0006064199	11.313708499	64	9.9679970902
1	128	9.9680414586	0.0012104586	11.313708499	128	9.9680414586
0.5	512	9.9664268208	0.0007535548	11.313708499	256	9.9664268208
4	10	9.9591613419	-0.0008775081	12.6491106407	40	9.9591613419
2	40	9.9609296247	-0.0002195407	12.6491106407	80	9.9609296247
1	160	9.9626980052	-2.12273951127E-05	12.6491106407	160	9.9626980052
4	12	9.9521806585	-0.0003011349	13.8564064606	48	9.9521806585
2	48	9.9526334571	-0.0014097552	13.8564064606	96	9.9526334571
1	192	9.9558756549	-0.0002525251	13.8564064606	192	9.9558756549
2	56	9.9446790369	-0.001226809	14.9666295471	112	9.9446790369
1	224	9.9498590399	0.0011200299	14.9666295471	224	9.9498590399
16	1	9.9445549856	-0.0043967585	16	16	9.9445549856
8	4	9.9330806462	0.0009937548	16	32	9.9330806462
4	16	9.9367293948	0.0018209927	16	64	9.9367293948
2	64	9.9413555985	-0.0046426508	16	128	9.9413555985
1	256	9.9401807259	-0.0029043801	16	256	9.9401807259
24	0.5	9.9346889776	0.000186635	16.9705627485	12	9.9346889776
4	20	9.9196265421	0.0044427497	17.88854382	80	9.9196265421
2	80	9.9253827006	-0.0027726904	17.88854382	160	9.9253827006
1	320	9.9370654524	-0.0019437095	17.88854382	320	9.9370654524
8	6	9.9100270227	-0.0074134088	19.5959179423	48	9.9100270227
4	24	9.9041481786	0.0008332192	19.5959179423	96	9.9041481786
2	96	9.913014108	-0.0052413004	19.5959179423	192	9.913014108
1	384	9.919521431	-0.0008111727	19.5959179423	384	9.919521431
2	112	9.8947578693	-0.0093649233	21.1660104885	224	9.8947578693
32	0.5	9.8918094719	-0.0058146366	22.627416998	16	9.8918094719
16	2	9.8713650885	0.0051644643	22.627416998	32	9.8713650885
8	8	9.8733293734	0.0040693213	22.627416998	64	9.8733293734
4	32	9.8798409365	0.0015818996	22.627416998	128	9.8798409365
2	128	9.8777822652	-0.0016097354	22.627416998	256	9.8777822652
1	512	9.8715468945	0.0123519858	22.627416998	512	9.8715468945
24	1	9.8707318867	-0.003272326	24	24	9.8707318867
8	10	9.8382348743	-0.0014939322	25.2982212813	80	9.8382348743
4	40	9.841944607	0.0116328803	25.2982212813	160	9.841944607
2	160	9.8685173357	-0.0122322885	25.2982212813	320	9.8685173357
8	12	9.8196631997	-0.0091651063	27.7128129211	96	9.8196631997
4	48	9.8234759383	-0.0104388223	27.7128129211	192	9.8234759383
2	192	9.8308509026	0.0130337146	27.7128129211	384	9.8308509026
40	0.5	9.824205574	0.004565521	28.2842712475	20	9.824205574
4	56	9.7912290073	-0.0085578927	29.9332590942	224	9.7912290073
2	224	9.7981835254	0.0095199786	29.9332590942	448	9.7981835254
32	1	9.7689532343	0.0073273889	32	32	9.7689532343
16	4	9.7678748253	-0.0134273544	32	64	9.7678748253
8	16	9.7545795668	0.0047969274	32	128	9.7545795668
4	64	9.758628004	-0.0077891534	32	256	9.758628004
2	256	9.7655441336	-0.0062041639	32	512	9.7655441336
48	0.5	9.7415241942	0.0082787982	33.941125497	24	9.7415241942
24	2	9.7222751527	0.0101233632	33.941125497	48	9.7222751527
8	20	9.7071517554	-0.0052439186	35.77708764	160	9.7071517554
4	80	9.7131108475	-0.0109445621	35.77708764	320	9.7131108475
2	320	9.7596412415	-0.0027792107	35.77708764	640	9.7596412415
16	6	9.636118575	-0.0101603541	39.1918358845	96	9.636118575
8	24	9.6217432379	0.0210707915	39.1918358845	192	9.6217432379
4	96	9.6325205631	0.0155779762	39.1918358845	384	9.6325205631
2	384	9.6792384173	0.010892955	39.1918358845	768	9.6792384173
56	0.5	9.6866221408	-0.0262071654	39.5979797464	28	9.6866221408
40	1	9.6450847668	0.0073294638	40	40	9.6450847668
4	112	9.5850964021	0.0043397694	42.332020977	448	9.5850964021
64	0.5	9.5794257293	-0.0199835975	45.2548339959	32	9.5794257293
32	2	9.5220969239	0.0129224424	45.2548339959	64	9.5220969239
16	8	9.5387735428	-0.0328373817	45.2548339959	128	9.5387735428
8	32	9.5203534668	0.0087716404	45.2548339959	256	9.5203534668
4	128	9.5485919631	-0.0352100647	45.2548339959	512	9.5485919631
2	512	9.5483055814	-0.0146851555	45.2548339959	1024	9.5483055814
48	1	9.499226795	0.0055121645	48	48	9.499226795
24	4	9.4408029209	0.0231279966	48	96	9.4408029209
16	10	9.4072535945	-0.003909271	50.5964425627	160	9.4072535945
8	40	9.4027464987	0.0058511562	50.5964425627	320	9.4027464987
4	160	9.4676509042	-0.0056020523	50.5964425627	640	9.4676509042
72	0.5	9.4323128908	0.022362522	50.9116882454	36	9.4323128908
16	12	9.3174138587	-0.0016270997	55.4256258422	192	9.3174138587
8	48	9.3008138587	-0.0001749238	55.4256258422	384	9.3008138587
4	192	9.3999171698	-0.0248753628	55.4256258422	768	9.3999171698
56	1	9.3143904143	0.009882021	56	56	9.3143904143
80	0.5	9.3465622319	-0.0117833787	56.5685424949	40	9.3465622319
40	2	9.271269093	-0.016533518	56.5685424949	80	9.271269093
24	6	9.2476393817	-0.0493445958	58.7877538268	144	9.2476393817
8	56	9.2211094876	-0.0175044101	59.8665181884	448	9.2211094876
4	224	9.2274917118	0.0487327529	59.8665181884	896	9.2274917118
64	1	9.132537622	0.0308427578	64	64	9.132537622
32	4	9.107278809	-0.0198847078	64	128	9.107278809
16	16	9.0319794364	0.048342205	64	256	9.0319794364
8	64	9.1088696748	-0.0178833908	64	512	9.1088696748
4	256	9.0975565848	-0.010815696	64	1024	9.0975565848
96	0.5	9.0844153404	-0.015257805	67.8822509939	48	9.0844153404
48	2	8.9932419602	-0.0521095754	67.8822509939	96	8.9932419602
24	8	8.98866032	0.0115204052	67.8822509939	192	8.98866032
16	20	8.8683766313	0.0259383166	71.55417528	320	8.8683766313
8	80	9.0182329381	-0.1018216105	71.55417528	640	9.0182329381
4	320	9.0916227983	0.0288316647	71.55417528	1280	9.0916227983
72	1	8.9556913491	-0.0259456883	72	72	8.9556913491
24	10	8.7364886005	-0.0011982474	75.894663844	240	8.7364886005
32	6	8.7381626778	0.0018728748	78.3836717691	192	8.7381626778
16	24	8.7183828582	-0.0122551897	78.3836717691	384	8.7183828582
8	96	8.7196318764	0.032668541	78.3836717691	768	8.7196318764
4	384	8.8337361779	0.009549493	78.3836717691	1536	8.8337361779
112	0.5	8.7894671034	-0.0026459444	79.1959594929	56	8.7894671034
56	2	8.7577623117	-0.1279761884	79.1959594929	112	8.7577623117
80	1	8.6736134642	0.0174892156	80	80	8.6736134642
40	4	8.655709055	-0.0004005331	80	160	8.655709055
24	12	8.5578709673	0.0296469141	83.1384387633	288	8.5578709673
8	112	8.5544338027	-0.0817213651	84.6640419541	896	8.5544338027
128	0.5	8.5064435198	-0.0803231935	90.5096679919	64	8.5064435198
64	2	8.3747730414	-0.027624671	90.5096679919	128	8.3747730414
32	8	8.4634959724	-0.1094234139	90.5096679919	256	8.4634959724
16	32	8.3260757554	0.0823525873	90.5096679919	512	8.3260757554
8	128	8.4511242246	-0.0946140738	90.5096679919	1024	8.4511242246
4	512	8.4194825858	-0.031881995	90.5096679919	2048	8.4194825858
96	1	8.2575212242	0.0037877531	96	96	8.2575212242
48	4	8.1257670009	0.0390794578	96	192	8.1257670009
24	16	8.1453620994	0.0751396603	96	384	8.1453620994
40	6	8.0710679496	0.1088622505	97.9795897113	240	8.0710679496
32	10	8.0791459917	-0.0864316203	101.1928851254	320	8.0791459917
16	40	8.1235050394	-0.03902436	101.1928851254	640	8.1235050394
8	160	8.1687117775	0.0678005728	101.1928851254	1280	8.1687117775
144	0.5	8.0734844887	0.0966732025	101.8233764909	72	8.0734844887
72	2	8.0099313959	-0.0715260239	101.8233764909	144	8.0099313959
24	20	7.894393358	-0.0145624886	107.33126292	480	7.894393358
32	12	7.8206052335	-0.0563473134	110.8512516844	384	7.8206052335
16	48	7.7661708866	0.0353762651	110.8512516844	768	7.7661708866
8	192	7.9481519641	0.045271103	110.8512516844	1536	7.9481519641
112	1	7.8145896471	-0.0455675833	112	112	7.8145896471
56	4	7.5834543001	0.0460503901	112	224	7.5834543001
160	0.5	7.7650979962	0.1006475616	113.1370849898	80	7.7650979962
80	2	7.6457065055	0.1358722235	113.1370849898	160	7.6457065055
40	8	7.747631427	-0.1037453767	113.1370849898	320	7.747631427
48	6	7.4402250135	0.1252924109	117.5755076536	288	7.4402250135
24	24	7.5244375513	0.0946432419	117.5755076536	576	7.5244375513
16	56	7.4775244535	0.0715574607	119.7330363768	896	7.4775244535
8	224	7.6038757053	0.0853980585	119.7330363768	1792	7.6038757053
40	10	7.2773311199	0.016518149	126.4911064067	400	7.2773311199
180	0.5	7.3919916031	0.1083062755	127.2792206136	90	7.3919916031
128	1	7.3024457228	-0.0106473478	128	128	7.3024457228
64	4	7.2317346782	-0.0495021533	128	256	7.2317346782
32	16	7.3206480776	-0.0606156553	128	512	7.3206480776
16	64	7.3325210272	0.007682546	128	1024	7.3325210272
8	256	7.3311883257	-0.0974294103	128	2048	7.3311883257
96	2	7.1130947152	-0.0811327754	135.7645019878	192	7.1130947152
48	8	7.1199026643	-0.0956288488	135.7645019878	384	7.1199026643
24	32	7.1155703141	-0.0985532035	135.7645019878	768	7.1155703141
56	6	6.9092688699	0.0747211981	137.1714255959	336	6.9092688699
40	12	7.0195246551	0.0030578828	138.5640646055	480	7.0195246551
32	20	6.8011022721	0.1032544581	143.10835056	640	6.8011022721
16	80	6.9297952756	0.0793538601	143.10835056	1280	6.9297952756
8	320	7.365793704	0.022137649	143.10835056	2560	7.365793704
144	1	6.8812037556	0.0574051785	144	144	6.8812037556
72	4	6.6660381104	0.0739251677	144	288	6.6660381104
48	10	6.560975023	0.1022685539	151.7893276881	480	6.560975023
24	40	6.6885403071	-0.0738400228	151.7893276881	960	6.6885403071
64	6	6.5327004621	-0.0185106032	156.7673435381	384	6.5327004621
32	24	6.6007055522	-0.0711373743	156.7673435381	768	6.6007055522
16	96	6.5953251087	0.0325047077	156.7673435381	1536	6.5953251087
8	384	6.8568337688	-0.0375456439	156.7673435381	3072	6.8568337688
112	2	6.3622964876	0.0264112641	158.3919189858	224	6.3622964876
56	8	6.4622263028	-0.0330766604	158.3919189858	448	6.4622263028
160	1	6.447826802	-0.1052408147	160	160	6.447826802
80	4	6.3981646505	-0.0010515135	160	320	6.3981646505
40	16	6.5292012988	-0.0889129364	160	640	6.5292012988
48	12	6.3970888969	-0.1676856616	166.2768775266	576	6.3970888969
24	48	6.2014574798	0.0958268286	166.2768775266	1152	6.2014574798
16	112	6.1050638233	0.1669453882	169.3280839081	1792	6.1050638233
72	6	5.9712312801	0.0519145656	176.3632614804	432	5.9712312801
56	10	6.1574205433	-0.1110938279	177.0875489694	560	6.1574205433
40	20	6.1642171555	-0.0952597124	178.8854382	800	6.1642171555
24	56	6.0474491972	0.0093868573	179.5995545652	1344	6.0474491972
180	1	6.0945833864	-0.0843612474	180	180	6.0945833864
128	2	5.9120240244	-0.0796737481	181.0193359838	256	5.9120240244
64	8	5.9804016409	-0.0269435541	181.0193359838	512	5.9804016409
32	32	6.0511108883	0.0141451138	181.0193359838	1024	6.0511108883
16	128	6.064449925	-0.0679558157	181.0193359838	2048	6.064449925
8	512	6.1010720394	-0.0962763893	181.0193359838	4096	6.1010720394
96	4	5.6730484564	-0.0130564786	192	384	5.6730484564
48	16	5.8679729754	-0.1059206048	192	768	5.8679729754
24	64	5.762090217	0.0345453096	192	1536	5.762090217
56	12	5.7328303265	-0.0039264716	193.9896904477	672	5.7328303265
80	6	5.6865393773	-0.0884483127	195.9591794227	480	5.6865393773
40	24	5.8414142213	-0.1801067244	195.9591794227	960	5.8414142213
64	10	5.4642097534	0.0113144566	202.3857702508	640	5.4642097534
32	40	5.6691623288	-0.0523120672	202.3857702508	1280	5.6691623288
16	160	5.6746554987	0.172478837	202.3857702508	2560	5.6746554987
144	2	5.4539929285	-0.0787517384	203.6467529817	288	5.4539929285
72	8	5.4719954869	0.0269644296	203.6467529817	576	5.4719954869
48	20	5.4614359928	-0.0830227163	214.66252584	960	5.4614359928
24	80	5.4081565789	0.0699866624	214.66252584	1920	5.4081565789
64	12	5.1537993618	0.0610703145	221.7025033688	768	5.1537993618
32	48	5.3406438594	-0.0952444187	221.7025033688	1536	5.3406438594
16	192	5.4448354378	0.0785193052	221.7025033688	3072	5.4448354378
112	4	5.1245688973	-0.0201713999	224	448	5.1245688973
56	16	5.1610529142	0.0139941654	224	896	5.1610529142
160	2	4.9202500719	0.1085044599	226.2741699797	320	4.9202500719
80	8	5.0484825444	0.0779865889	226.2741699797	640	5.0484825444
40	32	5.2734249456	-0.0800286278	226.2741699797	1280	5.2734249456
72	10	5.1231905701	0.0026541259	227.6839915321	720	5.1231905701
96	6	4.8549393009	0.1406451332	235.1510153072	576	4.8549393009
48	24	5.0841299276	-0.0609015181	235.1510153072	1152	5.0841299276
24	96	5.138479726	-0.0151410441	235.1510153072	2304	5.138479726
32	56	4.8763407691	0.1011094943	239.4660727535	1792	4.8763407691
16	224	5.2238402659	-0.0771725995	239.4660727535	3584	5.2238402659
72	12	4.7706038039	0.016617748	249.4153162899	864	4.7706038039
56	20	4.8043270676	-0.056634889	250.43961348	1120	4.8043270676
80	10	4.7634355318	-0.1033288018	252.9822128135	800	4.7634355318
40	40	4.8730618655	-0.0339429739	252.9822128135	1600	4.8730618655
24	112	4.8227058213	-0.059730644	253.9921258622	2688	4.8227058213
180	2	4.660655104	-0.0064182276	254.5584412272	360	4.660655104
128	4	4.6112695833	-0.0184131636	256	512	4.6112695833
64	16	4.5680305804	0.1295872011	256	1024	4.5680305804
32	64	4.720787087	0.0446344056	256	2048	4.720787087
16	256	4.7141155513	0.1076934629	256	4096	4.7141155513
96	8	4.3850359182	0.0649302631	271.5290039756	768	4.3850359182
48	32	4.5556890129	-0.0196969	271.5290039756	1536	4.5556890129
24	128	4.5836248516	0.0014877013	271.5290039756	3072	4.5836248516
112	6	4.3684198575	0.0139115701	274.3428511917	672	4.3684198575
56	24	4.4313833041	0.023904918	274.3428511917	1344	4.4313833041
80	12	4.3556239608	0.0398080813	277.128129211	960	4.3556239608
40	48	4.453772521	-0.0329378008	277.128129211	1920	4.453772521
64	20	4.2906048634	0.0428190895	286.21670112	1280	4.2906048634
32	80	4.3571147164	0.0372786693	286.21670112	2560	4.3571147164
16	320	4.7842136283	-0.0212743828	286.21670112	5120	4.7842136283
144	4	4.0841849686	0.0682609556	288	576	4.0841849686
72	16	4.2385242942	0.0370937729	288	1152	4.2385242942
40	56	4.1786581361	0.003889642	299.3325909419	2240	4.1786581361
96	10	4.1126142057	-0.053091322	303.5786553762	960	4.1126142057
48	40	4.1547024841	0.0455361716	303.5786553762	1920	4.1547024841
24	160	4.3397497762	-0.0393008695	303.5786553762	3840	4.3397497762
128	6	3.8955234188	0.0049346657	313.5346870762	768	3.8955234188
64	24	4.0234591649	0.010970869	313.5346870762	1536	4.0234591649
32	96	4.1587333897	-0.0532584207	313.5346870762	3072	4.1587333897
16	384	4.2087621254	0.0556457548	313.5346870762	6144	4.2087621254
112	8	3.8795791997	-0.0173692577	316.7838379716	896	3.8795791997
56	32	4.0138808577	0.0181408578	316.7838379716	1792	4.0138808577
160	4	3.8170141118	-0.0193620926	320	640	3.8170141118
80	16	3.9565940992	-0.036414674	320	1280	3.9565940992
40	64	3.9662051391	0.0626770924	320	2560	3.9662051391
72	20	3.8786050799	0.0655328399	321.99378876	1440	3.8786050799
96	12	3.7148010655	0.0831885201	332.5537550532	1152	3.7148010655
48	48	3.8518873535	0.0428801275	332.5537550532	2304	3.8518873535
24	192	4.0904649704	0.0057127576	332.5537550532	4608	4.0904649704
32	112	3.8016331307	0.0283329581	338.6561678163	3584	3.8016331307
144	6	3.5635876014	-0.0989270965	352.7265229608	864	3.5635876014
72	24	3.6414218734	-0.0152447801	352.7265229608	1728	3.6414218734
112	10	3.6089575357	-0.0145397823	354.1750979389	1120	3.6089575357
56	40	3.6522994515	0.0363721019	354.1750979389	2240	3.6522994515
80	20	3.5375309981	0.0417041064	357.7708764	1600	3.5375309981
40	80	3.6945049419	0.0140217622	357.7708764	3200	3.6945049419
48	56	3.5796275351	0.0475151671	359.1991091303	2688	3.5796275351
24	224	3.8227901649	-0.0245705087	359.1991091303	5376	3.8227901649
180	4	3.4870982923	-0.0246104597	360	720	3.4870982923
128	8	3.4554595685	0.0299496684	362.0386719675	1024	3.4554595685
64	32	3.5489674563	0.026192068	362.0386719675	2048	3.5489674563
32	128	3.6207772488	-0.0054982142	362.0386719675	4096	3.6207772488
16	512	3.6337456513	0.0415554791	362.0386719675	8192	3.6337456513
96	16	3.3439653906	-0.0093106067	384	1536	3.3439653906
48	64	3.4568265624	0.0069833634	384	3072	3.4568265624
24	256	3.4628743885	0.040241136	384	6144	3.4628743885
112	12	3.282574716	0.0106696196	387.9793808954	1344	3.282574716
56	48	3.3718524427	0.0062179735	387.9793808954	2688	3.3718524427
160	6	3.2001610965	0.0146666353	391.9183588453	960	3.2001610965
80	24	3.2934972883	0.0577910091	391.9183588453	1920	3.2934972883
40	96	3.4342471559	0.004767906	391.9183588453	3840	3.4342471559
128	10	3.1728359399	-0.0682136289	404.7715405016	1280	3.1728359399
64	40	3.304873072	-0.0387432212	404.7715405016	2560	3.304873072
32	160	3.5236283741	-0.1128003717	404.7715405016	5120	3.5236283741
144	8	3.1079261982	0.0238345846	407.2935059635	1152	3.1079261982
72	32	3.2755188107	-0.0240229471	407.2935059635	2304	3.2755188107
56	56	3.161646244	0.0225557318	419.0656273187	3136	3.161646244
40	112	3.1804540486	-0.0149233245	423.3202097703	4480	3.1804540486
96	20	3.1080120179	-0.0518866099	429.32505168	1920	3.1080120179
48	80	3.1849101905	0.050735851	429.32505168	3840	3.1849101905
24	320	3.4635793732	0.0232803322	429.32505168	7680	3.4635793732
180	6	2.9023848255	-0.0075875635	440.908153701	1080	2.9023848255
128	12	2.9297611292	-0.0356950062	443.4050067376	1536	2.9297611292
64	48	2.9859094462	0.0790373934	443.4050067376	3072	2.9859094462
32	192	3.3023894256	-0.1042899065	443.4050067376	6144	3.3023894256
112	16	2.9272162504	-0.0287148775	448	1792	2.9272162504
56	64	2.9515935151	0.0741418633	448	3584	2.9515935151
160	8	2.8407194486	-0.0251114628	452.5483399594	1280	2.8407194486
80	32	2.9556381324	0.0114260083	452.5483399594	2560	2.9556381324
40	128	3.0266921549	-0.0343618691	452.5483399594	5120	3.0266921549
144	10	2.8706210835	-0.0412654229	455.3679830642	1440	2.8706210835
72	40	2.9277916535	0.0155673863	455.3679830642	2880	2.9277916535
96	24	2.8192585	-0.0116278047	470.3020306144	2304	2.8192585
48	96	2.982599651	-0.039057773	470.3020306144	4608	2.982599651
24	384	2.9960400484	0.105805671	470.3020306144	9216	2.9960400484
64	56	2.8282043474	-0.0155809355	478.9321455071	3584	2.8282043474
32	224	2.9468040236	0.0672164718	478.9321455071	7168	2.9468040236
144	12	2.583330307	0.0349028729	498.8306325798	1728	2.583330307
72	48	2.7150682525	0.0033038422	498.8306325798	3456	2.7150682525
112	20	2.6421950218	-0.0173890619	500.87922696	2240	2.6421950218
56	80	2.7472335526	0.0034683333	500.87922696	4480	2.7472335526
160	10	2.5681808833	-0.0361112793	505.9644256269	1600	2.5681808833
80	40	2.7266048526	0.0039997545	505.9644256269	3200	2.7266048526
40	160	2.8104109804	0.0029327672	505.9644256269	6400	2.8104109804
48	112	2.7201572269	-0.0022778655	507.9842517244	5376	2.7201572269
180	8	2.5065140145	0.0231213495	509.1168824543	1440	2.5065140145
128	16	2.5975501313	-0.0437317807	512	2048	2.5975501313
64	64	2.7098815111	-0.0557571187	512	4096	2.7098815111
32	256	2.6817203113	0.0576296626	512	8192	2.6817203113
72	56	2.5237781107	0.0048038569	538.7986636954	4032	2.5237781107
96	32	2.5343618849	-0.0343641877	543.0580079513	3072	2.5343618849
48	128	2.5750386873	-0.0047670281	543.0580079513	6144	2.5750386873
24	512	2.5668231833	0.0582281015	543.0580079513	12288	2.5668231833
112	24	2.4456474015	0.0082206753	548.6857023834	2688	2.4456474015
56	96	2.5491671602	-0.0073300609	548.6857023834	5376	2.5491671602
160	12	2.3726006443	-0.0155196526	554.256258422	1920	2.3726006443
80	48	2.5548411469	-0.1104296457	554.256258422	3840	2.5548411469
40	192	2.644359126	0.0201945039	554.256258422	7680	2.644359126
180	10	2.3023667598	-0.0063514554	569.2099788303	1800	2.3023667598
128	20	2.3309658451	0.0158750176	572.4334022399	2560	2.3309658451
64	80	2.4247371678	0.0489616044	572.4334022399	5120	2.4247371678
32	320	2.7039728753	0.0438838441	572.4334022399	10240	2.7039728753
144	16	2.2580698069	0.0436303574	576	2304	2.2580698069
72	64	2.4153096858	-0.0075295803	576	4608	2.4153096858
56	112	2.3208210481	0.0413593105	592.6482936785	6272	2.3208210481
80	56	2.2749079564	0.027532746	598.6651818838	4480	2.2749079564
40	224	2.5122432977	-0.0318845259	598.6651818838	8960	2.5122432977
96	40	2.2190148625	0.0402323324	607.1573107523	3840	2.2190148625
48	160	2.4296776349	-0.014199477	607.1573107523	7680	2.4296776349
180	12	2.1056746805	0.0277141842	623.5382907248	2160	2.1056746805
128	24	2.1436859935	0.0009226012	627.0693741525	3072	2.1436859935
64	96	2.2831621684	-0.0131514347	627.0693741525	6144	2.2831621684
32	384	2.4179178085	-0.0295228473	627.0693741525	12288	2.4179178085
112	32	2.1270503046	0.0530364424	633.5676759431	3584	2.1270503046
56	128	2.2656390326	-0.0157616294	633.5676759431	7168	2.2656390326
160	16	2.0903131155	-0.0109805422	640	2560	2.0903131155
80	64	2.1962743929	-0.024128854	640	5120	2.1962743929
40	256	2.2423850538	-0.0367256359	640	10240	2.2423850538
144	20	2.1097691369	-0.0494325173	643.9875775199	2880	2.1097691369
72	80	2.2623700637	-0.0485175637	643.9875775199	5760	2.2623700637
96	48	2.0588993183	0.0331452097	665.1075101064	4608	2.0588993183
48	192	2.2420718896	0.0158435556	665.1075101064	9216	2.2420718896
64	112	2.0460207101	0.0425331048	677.3123356325	7168	2.0460207101
144	24	1.880558301	0.0387585134	705.4530459216	3456	1.880558301
72	96	2.0130708853	0.0059374681	705.4530459216	6912	2.0130708853
112	40	1.9783303356	-0.0285698608	708.3501958777	4480	1.9783303356
56	160	2.0765191586	0.0182975853	708.3501958777	8960	2.0765191586
160	20	1.882917264	-0.0112011092	715.5417527999	3200	1.882917264
80	80	1.9572238391	0.0111096097	715.5417527999	6400	1.9572238391
40	320	2.1686078382	0.0731417183	715.5417527999	12800	2.1686078382
96	56	1.9304284455	-0.018294001	718.3982182606	5376	1.9304284455
48	224	2.0574438918	0.0488541889	718.3982182606	10752	2.0574438918
180	16	1.8211324085	0.040359323	720	2880	1.8211324085
128	32	1.8658839637	0.0477593606	724.077343935	4096	1.8658839637
64	128	1.9507150757	0.0438046873	724.077343935	8192	1.9507150757
32	512	1.9608401489	0.0460832424	724.077343935	16384	1.9608401489
72	112	1.8190304262	0.0489602258	761.9763775866	8064	1.8190304262
96	64	1.8226705713	0.0155129777	768	6144	1.8226705713
48	256	1.8504945376	0.0532826086	768	12288	1.8504945376
112	48	1.7811478666	0.0023623381	775.9587617909	5376	1.7811478666
56	192	1.9556578857	-0.008839127	775.9587617909	10752	1.9556578857
160	24	1.7090958485	0.0223547853	783.8367176906	3840	1.7090958485
80	96	1.847196316	-0.0012206746	783.8367176906	7680	1.847196316
40	384	1.9663014797	-0.0149924095	783.8367176906	15360	1.9663014797
180	20	1.6748031876	-0.0071989822	804.9844718999	3600	1.6748031876
128	40	1.6952134318	0.0090053398	809.5430810031	5120	1.6952134318
64	160	1.899465663	-0.0582029104	809.5430810031	10240	1.899465663
144	32	1.693791842	-0.0177391296	814.5870119269	4608	1.693791842
72	128	1.7622703502	0.0034782165	814.5870119269	9216	1.7622703502
112	56	1.6521199758	0.0001219647	838.1312546374	6272	1.6521199758
56	224	1.780678696	0.0186553974	838.1312546374	12544	1.780678696
80	112	1.6701361319	0.0208276748	846.6404195407	8960	1.6701361319
96	80	1.679250853	0.0081810183	858.6501033599	7680	1.679250853
48	320	1.9068672069	-0.026313912	858.6501033599	15360	1.9068672069
180	24	1.5666945056	-0.0123676706	881.8163074019	4320	1.5666945056
128	48	1.5429750314	0.0208192002	886.8100134753	6144	1.5429750314
64	192	1.72760035	0.0080782845	886.8100134753	12288	1.72760035
112	64	1.5631217533	0.0089234294	896	7168	1.5631217533
56	256	1.5881359322	0.0310105652	896	14336	1.5881359322
160	32	1.5158111145	-0.0195666877	905.0966799188	5120	1.5158111145
80	128	1.6250113719	-0.037016963	905.0966799188	10240	1.6250113719
40	512	1.5842557476	0.0583360693	905.0966799188	20480	1.5842557476
144	40	1.5187575511	-0.0132916852	910.7359661285	5760	1.5187575511
72	160	1.6619700548	-0.0035297353	910.7359661285	11520	1.6619700548
96	96	1.5546374695	-0.0107240894	940.6040612287	9216	1.5546374695
48	384	1.6254435014	0.0273243936	940.6040612287	18432	1.6254435014
128	56	1.4636121055	-0.0416314246	957.8642910141	7168	1.4636121055
64	224	1.5764887253	0.0147032452	957.8642910141	14336	1.5764887253
144	48	1.396259956	-0.0279662011	997.6612651597	6912	1.396259956
72	192	1.5635128654	-0.0354967696	997.6612651597	13824	1.5635128654
112	80	1.4512842752	-0.0080519299	1001.7584539199	8960	1.4512842752
56	320	1.602981421	0.0099939712	1001.7584539199	17920	1.602981421
160	40	1.3387369187	0.0254635204	1011.9288512539	6400	1.3387369187
80	160	1.5211357437	-0.0387578911	1011.9288512539	12800	1.5211357437
96	112	1.3863161926	-0.003320256	1015.9685034488	10752	1.3863161926
180	32	1.3383220729	0.0074788663	1018.2337649086	5760	1.3383220729
128	64	1.3674719961	0.0220665271	1024	8192	1.3674719961
64	256	1.4278590565	0.0158403647	1024	16384	1.4278590565
144	56	1.2668426382	0.0141559241	1077.5973273909	8064	1.2668426382
72	224	1.4178393335	-0.0018927707	1077.5973273909	16128	1.4178393335
96	128	1.3235199607	-0.0030218591	1086.1160159025	12288	1.3235199607
48	512	1.3335504125	0.0346175405	1086.1160159025	24576	1.3335504125
112	96	1.3455132893	-0.0375226304	1097.3714047669	10752	1.3455132893
56	384	1.3925736158	0.0398157924	1097.3714047669	21504	1.3925736158
160	48	1.2386664624	-0.0039995441	1108.5125168441	7680	1.2386664624
80	192	1.3902026429	0.0122672239	1108.5125168441	15360	1.3902026429
180	40	1.2034695051	0.0037634071	1138.4199576606	7200	1.2034695051
128	80	1.2268908299	0.0182212631	1144.8668044799	10240	1.2268908299
64	320	1.4492429459	-0.0080932329	1144.8668044799	20480	1.4492429459
144	64	1.2161496436	-0.0137985584	1152	9216	1.2161496436
72	256	1.2777845569	0.0104618853	1152	18432	1.2777845569
112	112	1.202895207	-0.0051900187	1185.2965873569	12544	1.202895207
160	56	1.143099124	0.0040813548	1197.3303637677	8960	1.143099124
80	224	1.2793499227	-0.0083079752	1197.3303637677	17920	1.2793499227
96	160	1.2539626986	-0.0143225305	1214.3146215047	15360	1.2539626986
180	48	1.080295926	0.0245310798	1247.0765814496	8640	1.080295926
128	96	1.152221543	-0.0117669856	1254.138748305	12288	1.152221543
64	384	1.2513988127	0.0069687194	1254.138748305	24576	1.2513988127
112	128	1.1503902919	-0.0147544875	1267.1353518863	14336	1.1503902919
56	512	1.1484875806	0.0397413944	1267.1353518863	28672	1.1484875806
160	64	1.0856735053	0.0043786479	1280	10240	1.0856735053
80	256	1.1472593418	-0.0152012341	1280	20480	1.1472593418
144	80	1.1045986251	0.0072578717	1287.9751550399	11520	1.1045986251
72	320	1.2590181328	0.0060013204	1287.9751550399	23040	1.2590181328
96	192	1.1481608168	0.0056705436	1330.2150202129	18432	1.1481608168
180	56	1.0040614018	0.0330012144	1346.9966592386	10080	1.0040614018
128	112	1.0421900625	-0.0059344022	1354.6246712651	14336	1.0421900625
144	96	1.016839823	-0.0003401722	1410.9060918431	13824	1.016839823
72	384	1.0857259512	0.0323560159	1410.9060918431	27648	1.0857259512
112	160	1.0446198173	0.0194067277	1416.7003917554	17920	1.0446198173
160	80	0.99053285	-0.0143108544	1431.0835055999	12800	0.99053285
80	320	1.1466897847	-0.0048685368	1431.0835055999	25600	1.1466897847
96	224	1.0453234124	0.018591861	1436.7964365212	21504	1.0453234124
180	64	0.9701502202	-0.0125356394	1440	11520	0.9701502202
128	128	0.9876410138	-0.0136167659	1448.1546878701	16384	0.9876410138
64	512	1.0379661972	-0.0160624247	1448.1546878701	32768	1.0379661972
144	112	0.9192256712	0.005515136	1523.9527551732	16128	0.9192256712
96	256	0.9539307498	0.0109395007	1536	24576	0.9539307498
112	192	0.9882196467	-0.0014885694	1551.9175235817	21504	0.9882196467
160	96	0.906497227	0.0106403342	1567.6734353812	15360	0.906497227
80	384	0.9781804824	0.0148778027	1567.6734353812	30720	0.9781804824
180	80	0.8654395739	0.0112066835	1609.9689437999	14400	0.8654395739
128	160	0.9386227963	-0.0223778405	1619.0861620062	20480	0.9386227963
144	128	0.8730639496	0.0065403311	1629.1740238538	18432	0.8730639496
72	512	0.9163330887	0.0010604438	1629.1740238538	36864	0.9163330887
112	224	0.9028328578	-0.0042449524	1676.2625092747	25088	0.9028328578
160	112	0.8190053791	0.0003141083	1693.2808390813	17920	0.8190053791
96	320	0.9589167976	-0.0045435654	1717.3002067198	30720	0.9589167976
180	96	0.7952151809	0.0050817961	1763.6326148039	17280	0.7952151809
128	192	0.8751646914	-0.0233934216	1773.6200269505	24576	0.8751646914
112	256	0.835188681	-0.03379827	1792	28672	0.835188681
160	128	0.7883994945	-0.0040978728	1810.1933598376	20480	0.7883994945
80	512	0.8235896112	0.0013600897	1810.1933598376	40960	0.8235896112
144	160	0.8201411345	-0.0062633593	1821.471932257	23040	0.8201411345
96	384	0.8184385225	0.0059592787	1881.2081224575	36864	0.8184385225
180	112	0.7282825012	0.0090307238	1904.9409439665	20160	0.7282825012
128	224	0.7945652559	-0.0014640686	1915.7285820283	28672	0.7945652559
144	192	0.7721619479	-0.0225419315	1995.3225303194	27648	0.7721619479
112	320	0.7991285571	0.0046022383	2003.5169078398	35840	0.7991285571
160	160	0.719840126	0.0054886656	2023.8577025078	25600	0.719840126
180	128	0.6948938405	-0.0052775706	2036.4675298173	23040	0.6948938405
128	256	0.7084098996	-0.0029207022	2048	32768	0.7084098996
144	224	0.6940733696	-0.0025726003	2155.1946547818	32256	0.6940733696
96	512	0.6927335265	-0.0106935028	2172.2320318051	49152	0.6927335265
112	384	0.7006571374	0.0068342475	2194.7428095337	43008	0.7006571374
160	192	0.6972557819	-0.0242492938	2217.0250336882	30720	0.6972557819
180	160	0.6512216718	-0.0042061572	2276.8399153212	28800	0.6512216718
128	320	0.7022353115	-0.0033083317	2289.7336089598	40960	0.7022353115
144	256	0.6138353326	0.0072955473	2304	36864	0.6138353326
160	224	0.6170132713	0.0022121854	2394.6607275353	35840	0.6170132713
180	192	0.610297418	-0.006203648	2494.1531628992	34560	0.610297418
128	384	0.6073264722	0.0073518884	2508.27749661	49152	0.6073264722
112	512	0.5730046272	0.0041745519	2534.2707037726	57344	0.5730046272
160	256	0.5513206451	0.0032875362	2560	40960	0.5513206451
144	320	0.6239501259	-0.0083421905	2575.9503100798	46080	0.6239501259
180	224	0.539733654	0.0160578852	2693.9933184772	40320	0.539733654
144	384	0.5396575193	0.0006711602	2821.8121836862	55296	0.5396575193
160	320	0.5586966342	-0.0046687312	2862.1670111997	51200	0.5586966342
180	256	0.4944326606	-0.0094012733	2880	46080	0.4944326606
128	512	0.4923064599	0.0115906126	2896.3093757401	65536	0.4923064599
160	384	0.4714507449	0.0142835909	3135.3468707625	61440	0.4714507449
180	320	0.4931032241	0.004184793	3219.9378875997	57600	0.4931032241
144	512	0.4435256704	-0.0011516286	3258.3480477076	73728	0.4435256704
180	384	0.4241201511	0.0043463642	3527.2652296078	69120	0.4241201511
160	512	0.3924015328	0.003573268	3620.3867196751	81920	0.3924015328
180	512	0.346517912	0.0040767228	4072.9350596345	92160	0.346517912
