Angle	Frequency	m	p	ARF	AF
0.5	0.5	9.9979738033	-1.66367923191e-06	0.353553390593	0.25
0.5	1.0	9.99794124681	1.80328390385e-06	0.5	0.5
1.0	0.5	9.99789167798	-1.0625723801e-06	0.707106781187	0.5
0.5	2.0	9.9978761485	4.70366180033e-06	0.707106781187	1.0
1.0	1.0	9.99778576213	-1.30618221284e-05	1.0	1.0
0.5	4.0	9.99776733201	-1.54463630793e-05	1.0	2.0
0.5	6.0	9.99764510655	-9.20907774665e-06	1.22474487139	3.0
0.5	8.0	9.99751972855	8.04860862256e-06	1.41421356237	4.0
1.0	2.0	9.99751621886	7.38971594097e-06	1.41421356237	2.0
2.0	0.5	9.99754975764	1.02071982723e-05	1.41421356237	1.0
0.5	10.0	9.99739363431	4.29424215789e-06	1.58113883008	5.0
0.5	12.0	9.99724362156	4.58986888784e-05	1.73205080757	6.0
0.5	16.0	9.9970242405	1.06286805395e-05	2.0	8.0
1.0	4.0	9.99704637836	2.14993695264e-05	2.0	4.0
2.0	1.0	9.99708776939	-9.85770371407e-06	2.0	2.0
0.5	20.0	9.99676899328	2.48200447564e-05	2.2360679775	10.0
0.5	24.0	9.9964225553	0.000151879094283	2.44948974278	12.0
1.0	6.0	9.99646968547	7.91521427056e-05	2.44948974278	6.0
1.0	8.0	9.99609129101	-6.64080902322e-05	2.82842712475	8.0
2.0	2.0	9.99602493245	5.59720825596e-05	2.82842712475	4.0
4.0	0.5	9.99619309743	6.7532245004e-05	2.82842712475	2.0
0.5	32.0	9.99617149619	-0.000136914628897	2.82842712475	16.0
1.0	10.0	9.99547883181	9.33587196767e-05	3.16227766017	10.0
0.5	40.0	9.99571381665	-4.88278475905e-05	3.16227766017	20.0
1.0	12.0	9.99505842033	1.97681729601e-05	3.46410161514	12.0
0.5	48.0	9.99504342724	1.76832084846e-05	3.46410161514	24.0
0.5	56.0	9.9944318506	0.000171034358575	3.74165738677	28.0
1.0	16.0	9.99440636423	-0.000201164416696	4.0	16.0
0.5	64.0	9.99424420402	-4.44799606132e-05	4.0	32.0
4.0	1.0	9.99450498012	-0.000146883663399	4.0	4.0
2.0	4.0	9.99411412062	-0.000117795873593	4.0	8.0
1.0	20.0	9.9933277837	-0.000270888055345	4.472135955	20.0
0.5	80.0	9.99316442269	0.000168330806887	4.472135955	40.0
1.0	24.0	9.99228423038	-5.43750045628e-06	4.89897948557	24.0
2.0	6.0	9.99195132791	0.000209463829119	4.89897948557	12.0
0.5	96.0	9.992358898	-2.18683313573e-05	4.89897948557	48.0
0.5	112.0	9.990872378	0.000511459650655	5.29150262213	56.0
1.0	32.0	9.99046886071	-5.3157250783e-06	5.65685424949	32.0
0.5	128.0	9.99050478105	-0.000107383391678	5.65685424949	64.0
4.0	2.0	9.99043286983	-0.000119869024757	5.65685424949	8.0
8.0	0.5	9.99131001553	-0.000255281394804	5.65685424949	4.0
2.0	8.0	9.9904192697	-0.000269048803428	5.65685424949	16.0
2.0	10.0	9.98881589416	-0.000582597195549	6.32455532034	20.0
1.0	40.0	9.98829236853	0.000590277163974	6.32455532034	40.0
0.5	160.0	9.98952284028	5.12872805879e-05	6.32455532034	80.0
1.0	48.0	9.98644514792	6.20206409405e-05	6.92820323028	48.0
0.5	192.0	9.98764744338	0.000432406720926	6.92820323028	96.0
2.0	12.0	9.98635066723	9.11501422254e-05	6.92820323028	24.0
0.5	224.0	9.9849671576	0.00113206554084	7.48331477355	112.0
1.0	56.0	9.9838907634	0.000324515646704	7.48331477355	56.0
4.0	4.0	9.98253085242	0.000130818770365	8.0	16.0
0.5	256.0	9.98324137805	-0.0007068174716	8.0	128.0
1.0	64.0	9.98272265335	0.000244696574733	8.0	64.0
2.0	16.0	9.98313731505	-0.000669669912829	8.0	32.0
8.0	1.0	9.98370326236	5.00699297907e-05	8.0	8.0
2.0	20.0	9.97880488336	-0.00045757867116	8.94427191	40.0
0.5	320.0	9.98233886743	0.000299296360269	8.94427191	160.0
1.0	80.0	9.97910208487	0.000712250628153	8.94427191	80.0
4.0	6.0	9.97436469285	0.00013594582791	9.79795897113	24.0
2.0	24.0	9.97609676453	-0.00181690045824	9.79795897113	48.0
1.0	96.0	9.97729631769	-0.00184052176635	9.79795897113	96.0
0.5	384.0	9.97798007763	-0.000808968701947	9.79795897113	192.0
1.0	112.0	9.97198964886	-0.00101580700979	10.5830052443	112.0
2.0	32.0	9.96773966164	-0.000675824416884	11.313708499	64.0
16.0	0.5	9.97051356358	0.000144792042518	11.313708499	8.0
0.5	512.0	9.96653769744	0.00163326719074	11.313708499	256.0
1.0	128.0	9.96857080294	-0.00066938529628	11.313708499	128.0
4.0	8.0	9.9667033049	0.000770299375165	11.313708499	32.0
8.0	2.0	9.96797827534	-0.000834326879252	11.313708499	16.0
4.0	10.0	9.95950452139	-0.000824333352668	12.6491106407	40.0
2.0	40.0	9.96107550619	-0.00199631928932	12.6491106407	80.0
1.0	160.0	9.96293336301	0.00176245688765	12.6491106407	160.0
2.0	48.0	9.95026898189	0.00246011538554	13.8564064606	96.0
1.0	192.0	9.95765503733	-0.000449129411537	13.8564064606	192.0
4.0	12.0	9.95193918923	-0.00227627553896	13.8564064606	48.0
1.0	224.0	9.94661724214	0.00232293031376	14.9666295471	224.0
2.0	56.0	9.94675447599	-0.0028254300822	14.9666295471	112.0
2.0	64.0	9.9412205285	-0.0055620735933	16.0	128.0
4.0	16.0	9.93243775874	0.00626714123493	16.0	64.0
8.0	4.0	9.93628061312	-0.00103243793412	16.0	32.0
1.0	256.0	9.9404122176	-0.00339107114019	16.0	256.0
0.5	1024.0	9.93724683123	0.000533197213038	16.0	512.0
16.0	1.0	9.94126221435	-0.00227034830243	16.0	16.0
24.0	0.5	9.9364253868	-0.000609940250073	16.9705627485	12.0
2.0	80.0	9.9198322434	0.00354918240576	17.88854382	160.0
4.0	20.0	9.9240782642	-0.00409573670323	17.88854382	80.0
1.0	320.0	9.93725714026	0.000675336729691	17.88854382	320.0
1.0	384.0	9.91542392955	0.00209352298296	19.5959179423	384.0
8.0	6.0	9.90262212268	0.00128181823512	19.5959179423	48.0
2.0	96.0	9.91119656863	-0.00231632654964	19.5959179423	192.0
4.0	24.0	9.90762844551	0.000598590373966	19.5959179423	96.0
2.0	112.0	9.8876866616	0.00484420900284	21.1660104885	224.0
16.0	2.0	9.87653025584	0.00181584499577	22.627416998	32.0
1.0	512.0	9.87850015979	-0.00239078784858	22.627416998	512.0
32.0	0.5	9.89024974223	-0.00531103919424	22.627416998	16.0
8.0	8.0	9.87557342003	-0.004100997769	22.627416998	64.0
4.0	32.0	9.87954122771	-0.00321727079014	22.627416998	128.0
2.0	128.0	9.87945611587	-0.00319228877991	22.627416998	256.0
0.5	2048.0	9.87957388669	-0.00138681381569	22.627416998	1024.0
24.0	1.0	9.86683273588	0.0023093197107	24.0	24.0
4.0	40.0	9.84515918121	0.00344567140013	25.2982212813	160.0
8.0	10.0	9.84233696501	0.0022305449497	25.2982212813	80.0
2.0	160.0	9.85707743531	0.00288560024437	25.2982212813	320.0
8.0	12.0	9.8105384662	0.00534461437708	27.7128129211	96.0
4.0	48.0	9.81270518823	-0.000249182147922	27.7128129211	192.0
2.0	192.0	9.83518712699	0.00449460112865	27.7128129211	384.0
40.0	0.5	9.82848811052	-0.0014419918875	28.2842712475	20.0
2.0	224.0	9.80051498229	0.00699783974471	29.9332590942	448.0
4.0	56.0	9.78844557608	-0.00320112680554	29.9332590942	224.0
16.0	4.0	9.77220845026	-0.0216299517031	32.0	64.0
1.0	1024.0	9.75774559475	0.00183110146394	32.0	1024.0
2.0	256.0	9.7596958537	-0.00780503620239	32.0	512.0
8.0	16.0	9.74832160051	0.00168497047508	32.0	128.0
4.0	64.0	9.75138791021	0.00768765765454	32.0	256.0
0.5	4096.0	9.75720146205	0.0115344937338	32.0	2048.0
32.0	1.0	9.76486248534	0.0113989174261	32.0	32.0
24.0	2.0	9.71903907559	0.0074907473939	33.941125497	48.0
48.0	0.5	9.75024292181	0.00591629026876	33.941125497	24.0
8.0	20.0	9.69726376027	-0.0014339365576	35.77708764	160.0
4.0	80.0	9.71214124697	-0.00690689005095	35.77708764	320.0
2.0	320.0	9.76015780891	-0.00479450422368	35.77708764	640.0
2.0	384.0	9.67125108083	0.0139166082512	39.1918358845	768.0
4.0	96.0	9.67051407304	-0.0169616412926	39.1918358845	384.0
16.0	6.0	9.62816314312	0.0129824293156	39.1918358845	96.0
8.0	24.0	9.6440821023	-0.00621692962263	39.1918358845	192.0
56.0	0.5	9.64301302106	0.0331730503079	39.5979797464	28.0
40.0	1.0	9.63813434364	0.0112533682772	40.0	40.0
4.0	112.0	9.58148576154	0.00346544865908	42.332020977	448.0
1.0	2048.0	9.54665680022	-0.0214275610789	45.2548339959	2048.0
64.0	0.5	9.561034495	-0.00170045623964	45.2548339959	32.0
4.0	128.0	9.5431330465	-0.0100614262179	45.2548339959	512.0
8.0	32.0	9.54346793563	-0.0299440301065	45.2548339959	256.0
16.0	8.0	9.50285449128	0.0167182792668	45.2548339959	128.0
32.0	2.0	9.532756533	-0.0025173552672	45.2548339959	64.0
2.0	512.0	9.50970048964	0.0179205952691	45.2548339959	1024.0
48.0	1.0	9.49210304648	-0.00583664326747	48.0	48.0
24.0	4.0	9.45801987675	0.00412674569942	48.0	96.0
16.0	10.0	9.40347953962	0.0187678035288	50.5964425627	160.0
8.0	40.0	9.41201331912	0.0229271113112	50.5964425627	320.0
4.0	160.0	9.4830706267	-0.0237279535813	50.5964425627	640.0
72.0	0.5	9.44851245497	0.00416912846374	50.9116882454	36.0
8.0	48.0	9.29657158077	0.0211101713051	55.4256258422	384.0
4.0	192.0	9.38140490304	0.0117418825879	55.4256258422	768.0
16.0	12.0	9.31227902519	-0.0209068628232	55.4256258422	192.0
56.0	1.0	9.32679945108	-0.00546192246259	56.0	56.0
80.0	0.5	9.33559988922	-0.00930628568983	56.5685424949	40.0
40.0	2.0	9.27433498941	-0.017596898251	56.5685424949	80.0
24.0	6.0	9.22851302154	-0.03212808603	58.7877538268	144.0
4.0	224.0	9.27998103304	0.0255899278376	59.8665181884	896.0
8.0	56.0	9.18296708704	0.0159244931745	59.8665181884	448.0
16.0	16.0	9.11517684285	-0.00730658277103	64.0	256.0
2.0	1024.0	9.12797466136	-0.0314764204966	64.0	2048.0
32.0	4.0	9.11907253165	-0.0658660104075	64.0	128.0
4.0	256.0	9.08263422308	0.0090115386066	64.0	1024.0
1.0	4096.0	9.10589779656	0.039373903501	64.0	4096.0
64.0	1.0	9.12940030377	0.0197991599454	64.0	64.0
8.0	64.0	9.12803543617	-0.0504159982652	64.0	512.0
24.0	8.0	8.97540320034	-0.00426028440458	67.8822509939	192.0
96.0	0.5	9.07837173324	0.0111500472521	67.8822509939	48.0
48.0	2.0	8.96192790753	0.0336784140423	67.8822509939	96.0
8.0	80.0	8.94870151634	-0.017828396587	71.55417528	640.0
16.0	20.0	8.86540499391	0.0600921470148	71.55417528	320.0
4.0	320.0	9.10679080281	0.000988770432226	71.55417528	1280.0
72.0	1.0	8.95254637317	-0.0536876817486	72.0	72.0
24.0	10.0	8.74298064466	0.039198084293	75.894663844	240.0
32.0	6.0	8.66282493974	0.00752960154283	78.3836717691	192.0
8.0	96.0	8.76865631285	0.00499735308629	78.3836717691	768.0
4.0	384.0	8.85688441032	0.00516010682102	78.3836717691	1536.0
16.0	24.0	8.67363657137	0.0150350239418	78.3836717691	384.0
56.0	2.0	8.69301430299	0.0117332460637	79.1959594929	112.0
112.0	0.5	8.84087183396	-0.0483136485861	79.1959594929	56.0
80.0	1.0	8.66692671298	0.0326133734243	80.0	80.0
40.0	4.0	8.67319502923	-0.0206335305504	80.0	160.0
24.0	12.0	8.57509893839	-0.0011574776078	83.1384387633	288.0
8.0	112.0	8.48333035518	0.0501382751982	84.6640419541	896.0
2.0	2048.0	8.34237310784	0.0690348535712	90.5096679919	4096.0
128.0	0.5	8.42472702021	0.105818719215	90.5096679919	64.0
16.0	32.0	8.41646749843	-0.0535448809955	90.5096679919	512.0
64.0	2.0	8.31953583255	4.94468825169e-05	90.5096679919	128.0
32.0	8.0	8.28832910127	0.0743982432803	90.5096679919	256.0
4.0	512.0	8.39251755506	0.0186080170018	90.5096679919	2048.0
8.0	128.0	8.39560421203	0.0062156205438	90.5096679919	1024.0
24.0	16.0	8.22496027864	-0.0244085948169	96.0	384.0
96.0	1.0	8.25233592883	-0.0571085468014	96.0	96.0
48.0	4.0	8.18218906668	-0.0440200383098	96.0	192.0
40.0	6.0	8.11977176664	0.00196070582924	97.9795897113	240.0
8.0	160.0	8.17594182828	0.0267637565696	101.192885125	1280.0
32.0	10.0	8.01416576516	0.0446281627341	101.192885125	320.0
16.0	40.0	8.1008812081	0.0109118139251	101.192885125	640.0
144.0	0.5	8.10394968065	0.0203433893598	101.823376491	72.0
72.0	2.0	8.01189661155	-0.00575388636127	101.823376491	144.0
24.0	20.0	7.86241082501	0.0284077876832	107.33126292	480.0
16.0	48.0	7.80201028632	-0.0807874224231	110.851251684	768.0
32.0	12.0	7.78344477175	-0.0174278586136	110.851251684	384.0
8.0	192.0	7.94877893675	0.0264053000012	110.851251684	1536.0
112.0	1.0	7.71355156192	0.0145192375508	112.0	112.0
56.0	4.0	7.67515040202	0.036633814993	112.0	224.0
160.0	0.5	7.89407032096	-0.064480306293	113.13708499	80.0
80.0	2.0	7.64662666669	-0.00452682753901	113.13708499	160.0
40.0	8.0	7.68160232882	0.00347464593828	113.13708499	320.0
48.0	6.0	7.48932084362	0.0686627237894	117.575507654	288.0
24.0	24.0	7.6656878887	-0.0850627910499	117.575507654	576.0
16.0	56.0	7.49182517627	0.0326723945332	119.733036377	896.0
8.0	224.0	7.74110669505	-0.106095652417	119.733036377	1792.0
40.0	10.0	7.32445223962	0.00883166969648	126.491106407	400.0
180.0	0.5	7.44113150324	0.0218062715796	127.279220614	90.0
32.0	16.0	7.28337641767	-0.0161949879317	128.0	512.0
16.0	64.0	7.31694	-0.0179489472228	128.0	1024.0
4.0	1024.0	7.24816591609	-0.0135958822975	128.0	4096.0
64.0	4.0	7.26572186551	-0.0390019400517	128.0	256.0
128.0	1.0	7.25281936888	0.0341301298977	128.0	128.0
8.0	256.0	7.24842812649	0.0966498790448	128.0	2048.0
2.0	4096.0	7.29553935455	0.131210925207	128.0	8192.0
48.0	8.0	6.99967788762	0.0543623487658	135.764501988	384.0
24.0	32.0	7.08365386578	0.0342829477644	135.764501988	768.0
96.0	2.0	7.02094128548	-0.011118952817	135.764501988	192.0
56.0	6.0	6.99870481887	0.0110922239927	137.171425596	336.0
40.0	12.0	6.96695611028	0.0146939534966	138.564064606	480.0
32.0	20.0	6.83044846419	0.0718675787742	143.10835056	640.0
16.0	80.0	7.00253230019	-0.0429969837941	143.10835056	1280.0
8.0	320.0	7.28439720116	0.0736618537723	143.10835056	2560.0
72.0	4.0	6.73404253454	0.0765549051836	144.0	288.0
144.0	1.0	6.82531718915	-0.0346196406691	144.0	144.0
48.0	10.0	6.66599892224	-0.00518803725935	151.789327688	480.0
24.0	40.0	6.73925164004	-0.0380655972066	151.789327688	960.0
32.0	24.0	6.58703728283	-0.0410535765846	156.767343538	768.0
16.0	96.0	6.62846768899	-0.0237827475516	156.767343538	1536.0
8.0	384.0	6.87167229278	-0.0739870850497	156.767343538	3072.0
64.0	6.0	6.55996583605	-0.0789782096093	156.767343538	384.0
112.0	2.0	6.38472854723	0.03105331106	158.391918986	224.0
56.0	8.0	6.48410852698	0.00394489635915	158.391918986	448.0
160.0	1.0	6.37383944282	0.122969799996	160.0	160.0
80.0	4.0	6.38998081136	-0.0498815257416	160.0	320.0
40.0	16.0	6.51620235523	-0.0563218106798	160.0	640.0
24.0	48.0	6.34135030333	-0.0392961124067	166.276877527	1152.0
48.0	12.0	6.33399590424	-0.0393939518533	166.276877527	576.0
16.0	112.0	6.21080901241	0.129563357028	169.328083908	1792.0
72.0	6.0	5.93495768468	0.0644797453834	176.36326148	432.0
56.0	10.0	6.03424122072	0.0215940970225	177.087548969	560.0
40.0	20.0	6.06267637066	-0.00171443482407	178.8854382	800.0
24.0	56.0	5.99658644806	0.0417047583621	179.599554565	1344.0
180.0	1.0	6.06948636937	-0.0134672559708	180.0	180.0
64.0	8.0	5.99937655461	-0.0865032646632	181.019335984	512.0
4.0	2048.0	6.03676450665	-0.0294727930017	181.019335984	8192.0
16.0	128.0	6.07654648438	-0.0706986720387	181.019335984	2048.0
32.0	32.0	5.98679305259	0.0456367202897	181.019335984	1024.0
8.0	512.0	6.00893776765	0.0544653388178	181.019335984	4096.0
128.0	2.0	5.86363432522	0.0203504051492	181.019335984	256.0
48.0	16.0	5.83358392649	-0.0666858817588	192.0	768.0
96.0	4.0	5.63073782428	0.0785420092443	192.0	384.0
24.0	64.0	5.81161541133	0.00659936790509	192.0	1536.0
56.0	12.0	5.71531338018	0.000160931779573	193.989690448	672.0
80.0	6.0	5.60497107727	0.00371932867567	195.959179423	480.0
40.0	24.0	5.67631872366	0.0354975010317	195.959179423	960.0
32.0	40.0	5.61941408771	-0.00583219454072	202.385770251	1280.0
64.0	10.0	5.55354001577	0.0181285245512	202.385770251	640.0
16.0	160.0	5.79630054712	0.0665128708781	202.385770251	2560.0
72.0	8.0	5.45299567136	0.0612366054049	203.646752982	576.0
144.0	2.0	5.36924635229	0.0566716509984	203.646752982	288.0
48.0	20.0	5.35390341923	-0.00523074256133	214.66252584	960.0
24.0	80.0	5.44132560843	-0.0389259464587	214.66252584	1920.0
16.0	192.0	5.50626568563	0.0217072719597	221.702503369	3072.0
32.0	48.0	5.27330208571	-0.0248590353389	221.702503369	1536.0
64.0	12.0	5.18662791478	0.0539052560638	221.702503369	768.0
112.0	4.0	5.10354744924	0.00875728590511	224.0	448.0
56.0	16.0	5.12710859166	0.0416485294343	224.0	896.0
160.0	2.0	4.98936768754	0.0378029441683	226.27416998	320.0
80.0	8.0	5.1357952452	-0.0211882754173	226.27416998	640.0
40.0	32.0	5.17408087579	0.00122720962417	226.27416998	1280.0
72.0	10.0	5.0961450491	0.0112098604437	227.683991532	720.0
24.0	96.0	5.08947796349	0.0468945351992	235.151015307	2304.0
96.0	6.0	4.91259128438	0.0318786924328	235.151015307	576.0
48.0	24.0	5.0830617253	-0.112247678694	235.151015307	1152.0
32.0	56.0	4.97100979856	-0.041120541022	239.466072754	1792.0
16.0	224.0	5.25100744686	-0.103201306993	239.466072754	3584.0
72.0	12.0	4.71270583515	0.031604020801	249.41531629	864.0
56.0	20.0	4.76807167672	0.00736473958065	250.43961348	1120.0
40.0	40.0	4.8286212856	-0.00174754553695	252.982212813	1600.0
80.0	10.0	4.6205457063	0.0570114094882	252.982212813	800.0
24.0	112.0	4.78330846315	-0.00268936657906	253.992125862	2688.0
180.0	2.0	4.63858066172	-0.0469434110999	254.558441227	360.0
64.0	16.0	4.56753734394	0.163870598164	256.0	1024.0
8.0	1024.0	4.68480946653	0.0946928730054	256.0	8192.0
16.0	256.0	4.71910070798	0.0538971758984	256.0	4096.0
32.0	64.0	4.76150806351	-0.0318480996674	256.0	2048.0
4.0	4096.0	4.87191240371	-0.0561890484365	256.0	16384.0
128.0	4.0	4.58068535779	-0.00660881301039	256.0	512.0
48.0	32.0	4.50198191322	0.0581834967855	271.529003976	1536.0
24.0	128.0	4.53300459309	0.0758592739969	271.529003976	3072.0
96.0	8.0	4.40472955598	0.0561815057399	271.529003976	768.0
112.0	6.0	4.36487517312	0.000511300058581	274.342851192	672.0
56.0	24.0	4.46656733354	-0.00489428100682	274.342851192	1344.0
40.0	48.0	4.47587408834	-0.0527821924922	277.128129211	1920.0
80.0	12.0	4.40128333074	-0.0342128892156	277.128129211	960.0
32.0	80.0	4.39180330057	0.0404779039921	286.21670112	2560.0
64.0	20.0	4.2590181651	0.0561124538023	286.21670112	1280.0
16.0	320.0	4.79255393677	-0.00540378638614	286.21670112	5120.0
144.0	4.0	4.16687286243	0.00336858479759	288.0	576.0
72.0	16.0	4.32272612429	-0.057675413156	288.0	1152.0
40.0	56.0	4.20600556012	-0.027039700546	299.332590942	2240.0
24.0	160.0	4.32168058059	0.010203183925	303.578655376	3840.0
48.0	40.0	4.1683157913	0.034947869582	303.578655376	1920.0
96.0	10.0	4.08981025976	-0.0472231453202	303.578655376	960.0
16.0	384.0	4.32248781188	-0.0430415754929	313.534687076	6144.0
32.0	96.0	4.13551963055	0.0105577224741	313.534687076	3072.0
64.0	24.0	4.002889404	0.0120225456433	313.534687076	1536.0
128.0	6.0	3.88315984128	0.004442411082	313.534687076	768.0
56.0	32.0	4.03982338537	-0.0399674926466	316.783837972	1792.0
112.0	8.0	3.86486288657	0.0282466542891	316.783837972	896.0
40.0	64.0	3.99169944976	-0.00353285419355	320.0	2560.0
80.0	16.0	3.8984374067	0.0192208037228	320.0	1280.0
160.0	4.0	3.77231913629	0.0038048410578	320.0	640.0
72.0	20.0	3.9327639007	-0.00807012341905	321.99378876	1440.0
24.0	192.0	4.09869538379	-0.00544373844606	332.553755053	4608.0
48.0	48.0	3.7974665238	0.0541322497636	332.553755053	2304.0
96.0	12.0	3.80768742908	-0.0713567018431	332.553755053	1152.0
32.0	112.0	3.81509504519	-0.00745511792302	338.656167816	3584.0
72.0	24.0	3.62875289671	0.0225527482947	352.726522961	1728.0
144.0	6.0	3.457246048	0.0768361572427	352.726522961	864.0
112.0	10.0	3.55888644909	-0.044510303639	354.175097939	1120.0
56.0	40.0	3.70291263709	-0.030142545832	354.175097939	2240.0
40.0	80.0	3.71003651574	-0.046064964481	357.7708764	3200.0
80.0	20.0	3.56962556539	0.039676278711	357.7708764	1600.0
48.0	56.0	3.66287968709	-0.0518725535335	359.19910913	2688.0
24.0	224.0	3.81107541129	0.0107083024936	359.19910913	5376.0
180.0	4.0	3.49758812196	-0.051844363303	360.0	720.0
128.0	8.0	3.46895250985	-0.0115131084314	362.038671968	1024.0
64.0	32.0	3.61988250983	-0.0363207217139	362.038671968	2048.0
16.0	512.0	3.70875577898	-0.0772629318325	362.038671968	8192.0
8.0	2048.0	3.63608700941	0.0421543898735	362.038671968	16384.0
32.0	128.0	3.67297195938	-0.0429372262303	362.038671968	4096.0
48.0	64.0	3.46936487046	-0.0212202855824	384.0	3072.0
24.0	256.0	3.50566943604	-0.0597810220598	384.0	6144.0
96.0	16.0	3.30611740556	0.0509610096923	384.0	1536.0
112.0	12.0	3.26068903552	0.062788916521	387.979380895	1344.0
56.0	48.0	3.34558281627	0.0510865089881	387.979380895	2688.0
80.0	24.0	3.34660990637	-0.0231394680249	391.918358845	1920.0
40.0	96.0	3.41274445307	0.0499955555672	391.918358845	3840.0
160.0	6.0	3.20279347734	-0.0203238202814	391.918358845	960.0
32.0	160.0	3.43204375076	0.0149082369114	404.771540502	5120.0
128.0	10.0	3.12819804989	-0.00262330812441	404.771540502	1280.0
64.0	40.0	3.21893384496	0.0844748013665	404.771540502	2560.0
144.0	8.0	3.10331248509	0.0193744679039	407.293505963	1152.0
72.0	32.0	3.24700969004	0.0289521214862	407.293505963	2304.0
56.0	56.0	3.21381492421	-0.0553301328851	419.065627319	3136.0
40.0	112.0	3.17068270011	0.00189486741028	423.32020977	4480.0
96.0	20.0	3.01643003595	0.0570165257201	429.32505168	1920.0
24.0	320.0	3.46545005846	0.0102124490584	429.32505168	7680.0
48.0	80.0	3.14952915602	0.0353067128129	429.32505168	3840.0
180.0	6.0	2.90760442724	-0.0272349593057	440.908153701	1080.0
64.0	48.0	2.98137935644	0.0501616262838	443.405006738	3072.0
128.0	12.0	2.90548536142	0.0227366732878	443.405006738	1536.0
32.0	192.0	3.18418963348	0.0350381287886	443.405006738	6144.0
112.0	16.0	2.93005365727	-0.0171187195361	448.0	1792.0
56.0	64.0	2.97954952113	0.0510667039036	448.0	3584.0
80.0	32.0	2.97161829973	0.00454533157665	452.548339959	2560.0
160.0	8.0	2.80198440903	0.0379486412106	452.548339959	1280.0
40.0	128.0	3.01510146701	0.0167771158386	452.548339959	5120.0
72.0	40.0	2.96184609765	-0.00465287019899	455.367983064	2880.0
144.0	10.0	2.81377484831	0.00158999495384	455.367983064	1440.0
48.0	96.0	2.9529184606	-0.0195737292212	470.302030614	4608.0
96.0	24.0	2.82843351647	-0.029366028623	470.302030614	2304.0
24.0	384.0	3.09854931654	0.00703674813968	470.302030614	9216.0
32.0	224.0	2.9917346637	0.0104839680997	478.932145507	7168.0
64.0	56.0	2.85104955561	-0.0377825050479	478.932145507	3584.0
72.0	48.0	2.73163219992	-0.0247603833203	498.83063258	3456.0
144.0	12.0	2.58521412793	0.0406181050135	498.83063258	1728.0
112.0	20.0	2.6510638601	0.00299561343859	500.87922696	2240.0
56.0	80.0	2.77352249679	-0.00650295560876	500.87922696	4480.0
80.0	40.0	2.7372630058	-0.0806684726744	505.964425627	3200.0
40.0	160.0	2.87139190429	-0.024005377195	505.964425627	6400.0
160.0	10.0	2.5729214421	-0.00278597562855	505.964425627	1600.0
48.0	112.0	2.70067561535	-0.00910227123937	507.984251724	5376.0
180.0	8.0	2.52450391323	0.0292023970653	509.116882454	1440.0
128.0	16.0	2.58355515228	-0.0276389018638	512.0	2048.0
16.0	1024.0	2.74151414533	-0.0466397425797	512.0	16384.0
8.0	4096.0	2.80503020209	-0.0554199039432	512.0	32768.0
32.0	256.0	2.71957036676	-0.000152471212411	512.0	8192.0
64.0	64.0	2.68611253893	-0.00754557999394	512.0	4096.0
72.0	56.0	2.54371041841	-0.0048174665846	538.798663695	4032.0
24.0	512.0	2.60290364145	-0.0292578255612	543.058007951	12288.0
48.0	128.0	2.55113640079	0.0105223748564	543.058007951	6144.0
96.0	32.0	2.50583483657	0.00522052833591	543.058007951	3072.0
112.0	24.0	2.41441126641	0.0348694767531	548.685702383	2688.0
56.0	96.0	2.5582579556	0.0198260604874	548.685702383	5376.0
160.0	12.0	2.3865729953	-0.0437764542669	554.256258422	1920.0
80.0	48.0	2.47512474015	-0.00402706105209	554.256258422	3840.0
40.0	192.0	2.64075256068	0.00843128530697	554.256258422	7680.0
180.0	10.0	2.29232074967	0.0186237241206	569.20997883	1800.0
64.0	80.0	2.41923003513	0.0462253955651	572.43340224	5120.0
128.0	20.0	2.32830758501	0.00191795604941	572.43340224	2560.0
32.0	320.0	2.71192207569	0.0145851190707	572.43340224	10240.0
72.0	64.0	2.38418167509	0.0214576778999	576.0	4608.0
144.0	16.0	2.32935683494	-0.0461861218363	576.0	2304.0
56.0	112.0	2.34486564946	0.0212692042957	592.648293678	6272.0
80.0	56.0	2.30647611302	-0.0155475330279	598.665181884	4480.0
40.0	224.0	2.48873764684	-0.0377780242426	598.665181884	8960.0
48.0	160.0	2.42272238459	-0.0136957629075	607.157310752	7680.0
96.0	40.0	2.25825709616	0.0106437112234	607.157310752	3840.0
180.0	12.0	2.13904034078	-0.0235148877436	623.538290725	2160.0
128.0	24.0	2.14940697916	0.00704841434967	627.069374152	3072.0
64.0	96.0	2.28112387775	-0.00972008493139	627.069374152	6144.0
32.0	384.0	2.40109708764	-0.0279663432467	627.069374152	12288.0
112.0	32.0	2.15173884614	-0.00276586886168	633.567675943	3584.0
56.0	128.0	2.18976446486	0.0555099081761	633.567675943	7168.0
80.0	64.0	2.18304447719	-0.00879004844415	640.0	5120.0
160.0	16.0	2.07727225325	-0.0136091789483	640.0	2560.0
40.0	256.0	2.23545114942	-0.0142178325201	640.0	10240.0
144.0	20.0	2.08342564854	-0.0162066550044	643.98757752	2880.0
72.0	80.0	2.17895725136	0.0016054641906	643.98757752	5760.0
48.0	192.0	2.29040687137	-0.0447656801641	665.107510106	9216.0
96.0	48.0	2.07831950544	-0.00697872815192	665.107510106	4608.0
64.0	112.0	2.05319422861	0.0274460844264	677.312335633	7168.0
144.0	24.0	1.8786372718	0.0332108903159	705.453045922	3456.0
72.0	96.0	2.02316351366	0.0146966824117	705.453045922	6912.0
112.0	40.0	1.92472661253	0.00823840175648	708.350195878	4480.0
56.0	160.0	2.1101311546	-0.00114431406319	708.350195878	8960.0
80.0	80.0	2.00200851862	-0.0182952966371	715.5417528	6400.0
40.0	320.0	2.23707185417	0.00545140550248	715.5417528	12800.0
160.0	20.0	1.86279462938	0.00426230871943	715.5417528	3200.0
48.0	224.0	2.1130410285	-0.0399946643681	718.398218261	10752.0
96.0	56.0	1.93849767217	0.00688202605127	718.398218261	5376.0
180.0	16.0	1.84904733899	0.0116683339223	720.0	2880.0
128.0	32.0	1.87376506022	0.0348729970722	724.077343935	4096.0
16.0	2048.0	2.02237601287	-0.00462501101253	724.077343935	32768.0
32.0	512.0	2.01384254568	-0.00996113516765	724.077343935	16384.0
64.0	128.0	1.96213330069	0.0199173263801	724.077343935	8192.0
72.0	112.0	1.81219402892	0.0621818854729	761.976377587	8064.0
96.0	64.0	1.83145892805	0.010718832721	768.0	6144.0
24.0	1024.0	1.87762615831	0.00697210162837	768.0	24576.0
48.0	256.0	1.91336877058	-0.0514132507034	768.0	12288.0
56.0	192.0	1.96797932323	0.00740359087251	775.958761791	10752.0
112.0	48.0	1.78556958888	0.00909748994491	775.958761791	5376.0
80.0	96.0	1.83644131933	-0.00311263445135	783.836717691	7680.0
160.0	24.0	1.7157104068	-0.0153639173537	783.836717691	3840.0
40.0	384.0	1.94135787732	0.0231384347037	783.836717691	15360.0
180.0	20.0	1.68680683607	-0.0114358888877	804.9844719	3600.0
128.0	40.0	1.71899412939	-0.00878368619062	809.543081003	5120.0
64.0	160.0	1.8278422566	0.0223652431437	809.543081003	10240.0
72.0	128.0	1.75902913169	-0.000880420320751	814.587011927	9216.0
144.0	32.0	1.66706060248	0.00728239441591	814.587011927	4608.0
56.0	224.0	1.82066625883	-0.0262544543204	838.131254637	12544.0
112.0	56.0	1.6506283754	-0.00998615913754	838.131254637	6272.0
80.0	112.0	1.68797759091	-0.0161791175849	846.640419541	8960.0
96.0	80.0	1.65940153005	-0.00628921814627	858.65010336	7680.0
48.0	320.0	1.89126822357	-0.0114394036273	858.65010336	15360.0
180.0	24.0	1.53627620589	0.00835768895469	881.816307402	4320.0
64.0	192.0	1.75355300769	-0.0286279495781	886.810013475	12288.0
128.0	48.0	1.55997692931	-0.0207891935397	886.810013475	6144.0
112.0	64.0	1.57482362722	-0.00714863209253	896.0	7168.0
56.0	256.0	1.649403612	-0.0224906559152	896.0	14336.0
160.0	32.0	1.50620503587	0.0215411313843	905.096679919	5120.0
40.0	512.0	1.60465164561	0.0164884978235	905.096679919	20480.0
80.0	128.0	1.60254312912	-0.0217838147668	905.096679919	10240.0
144.0	40.0	1.52319238664	-0.0205065008313	910.735966128	5760.0
72.0	160.0	1.63653908334	0.00596280642824	910.735966128	11520.0
48.0	384.0	1.64810036103	-0.00524027392356	940.604061229	18432.0
96.0	96.0	1.52948631515	0.0173628953661	940.604061229	9216.0
64.0	224.0	1.58008692389	0.0150577628635	957.864291014	14336.0
128.0	56.0	1.44409189535	-0.00823455803582	957.864291014	7168.0
72.0	192.0	1.55635636247	-0.0158180214633	997.66126516	13824.0
144.0	48.0	1.39424083869	-0.028027134072	997.66126516	6912.0
56.0	320.0	1.63112337932	-0.0074011311869	1001.75845392	17920.0
112.0	80.0	1.41740306806	0.0102601431789	1001.75845392	8960.0
80.0	160.0	1.50556607424	-0.0165361104548	1011.92885125	12800.0
160.0	40.0	1.37610502662	-0.0131216428257	1011.92885125	6400.0
96.0	112.0	1.40080695689	0.000982459974872	1015.96850345	10752.0
180.0	32.0	1.35796041953	0.0101555798889	1018.23376491	5760.0
32.0	1024.0	1.41895215871	0.0294238797506	1024.0	32768.0
128.0	64.0	1.35184299426	0.0176560607732	1024.0	8192.0
64.0	256.0	1.42154551948	0.0167081614789	1024.0	16384.0
16.0	4096.0	1.47232991743	0.0130750841694	1024.0	65536.0
144.0	56.0	1.30144766852	-0.0273186544036	1077.59732739	8064.0
72.0	224.0	1.4231684581	-0.0105656144173	1077.59732739	16128.0
96.0	128.0	1.32970069098	-0.00608792543538	1086.1160159	12288.0
48.0	512.0	1.35014233626	0.0108159525244	1086.1160159	24576.0
24.0	2048.0	1.37670704337	0.00553865117524	1086.1160159	49152.0
56.0	384.0	1.4203607453	-0.00492934824683	1097.37140477	21504.0
112.0	96.0	1.30889309621	0.0143115896924	1097.37140477	10752.0
160.0	48.0	1.23617706006	0.00299147494378	1108.51251684	7680.0
80.0	192.0	1.40652231216	-0.0203489837542	1108.51251684	15360.0
180.0	40.0	1.22770323222	-0.0106890186256	1138.41995766	7200.0
128.0	80.0	1.2532040892	-0.0110611220542	1144.86680448	10240.0
64.0	320.0	1.43371087763	-0.00373659671499	1144.86680448	20480.0
72.0	256.0	1.28034914798	-0.0067293978356	1152.0	18432.0
144.0	64.0	1.21194258575	-0.00270836135293	1152.0	9216.0
112.0	112.0	1.18292707786	0.0138837762655	1185.29658736	12544.0
80.0	224.0	1.26427448844	0.0174410455481	1197.33036377	17920.0
160.0	56.0	1.15173046308	0.00308179382436	1197.33036377	8960.0
96.0	160.0	1.24207428079	-0.00244543257979	1214.3146215	15360.0
180.0	48.0	1.0996385741	0.00596481437547	1247.07658145	8640.0
128.0	96.0	1.14440417942	0.0002153743912	1254.1387483	12288.0
64.0	384.0	1.25924053953	-0.0105570685807	1254.1387483	24576.0
56.0	512.0	1.16374909187	0.000799926534368	1267.13535189	28672.0
112.0	128.0	1.12929722615	-0.00170752805263	1267.13535189	14336.0
80.0	256.0	1.13925452505	0.00770911456741	1280.0	20480.0
160.0	64.0	1.10371011497	-0.00709685093576	1280.0	10240.0
40.0	1024.0	1.16903663508	-0.00699862451053	1280.0	40960.0
72.0	320.0	1.27079611372	0.00285852860376	1287.97515504	23040.0
144.0	80.0	1.09292778983	0.00631467134086	1287.97515504	11520.0
96.0	192.0	1.16397875408	-0.0111226837347	1330.21502021	18432.0
180.0	56.0	1.03313172653	-0.0151223699133	1346.99665924	10080.0
128.0	112.0	1.04448281947	-0.0109034540893	1354.62467127	14336.0
144.0	96.0	1.00859748047	0.004822066161	1410.90609184	13824.0
72.0	384.0	1.12032257325	3.2048571126e-06	1410.90609184	27648.0
112.0	160.0	1.06469933528	0.00144214378558	1416.70039176	17920.0
160.0	80.0	0.971259286944	0.0240289234711	1431.0835056	12800.0
80.0	320.0	1.14052834038	0.00414475488369	1431.0835056	25600.0
96.0	224.0	1.05949974867	-0.0033791279592	1436.79643652	21504.0
180.0	64.0	0.962847395867	0.00586217131138	1440.0	11520.0
64.0	512.0	1.03191993079	-0.000963014545307	1448.15468787	32768.0
128.0	128.0	0.983998052543	-0.00271105357769	1448.15468787	16384.0
32.0	2048.0	1.04185699559	-0.00652110938342	1448.15468787	65536.0
144.0	112.0	0.936735565754	-0.0176934158438	1523.95275517	16128.0
48.0	1024.0	0.966023587028	0.00209505990838	1536.0	49152.0
24.0	4096.0	1.02438269243	-0.0222303914237	1536.0	98304.0
96.0	256.0	0.957138073007	-0.00294158538061	1536.0	24576.0
112.0	192.0	0.985303078027	0.00350025244781	1551.91752358	21504.0
160.0	96.0	0.915102478371	-0.0139374696259	1567.67343538	15360.0
80.0	384.0	0.999318735707	0.00404358486364	1567.67343538	30720.0
180.0	80.0	0.879844384834	-0.00162558080748	1609.9689438	14400.0
128.0	160.0	0.925884123307	-0.00644701202683	1619.08616201	20480.0
144.0	128.0	0.866200453224	0.00900372573955	1629.17402385	18432.0
72.0	512.0	0.914140518244	0.00291639221151	1629.17402385	36864.0
112.0	224.0	0.898527227967	0.0122899696935	1676.26250927	25088.0
160.0	112.0	0.816754700549	0.00137981211792	1693.28083908	17920.0
96.0	320.0	0.960968329425	-0.010436527429	1717.30020672	30720.0
180.0	96.0	0.810800439739	-0.000748243908092	1763.6326148	17280.0
128.0	192.0	0.855252445981	-0.00123655019308	1773.62002695	24576.0
56.0	1024.0	0.844695315452	-0.0160368861298	1792.0	57344.0
112.0	256.0	0.80217337562	0.017723985722	1792.0	28672.0
80.0	512.0	0.822129689733	-0.00320984004838	1810.19335984	40960.0
40.0	2048.0	0.847620425431	-0.00879419079447	1810.19335984	81920.0
160.0	128.0	0.776780709321	-0.00215973730276	1810.19335984	20480.0
144.0	160.0	0.81723539676	-0.00367581702332	1821.47193226	23040.0
96.0	384.0	0.82686614243	0.00407833256743	1881.20812246	36864.0
180.0	112.0	0.734844374941	0.00137729980763	1904.94094397	20160.0
128.0	224.0	0.789111544374	-0.00254137894761	1915.72858203	28672.0
144.0	192.0	0.767444345758	-0.0150314521184	1995.32253032	27648.0
112.0	320.0	0.807982067037	0.0105796901547	2003.51690784	35840.0
160.0	160.0	0.735153545651	-0.00717720201913	2023.85770251	25600.0
180.0	128.0	0.692579730167	-0.00420856303898	2036.46752982	23040.0
128.0	256.0	0.699658899701	0.00388561779538	2048.0	32768.0
32.0	4096.0	0.754983634924	0.0138680394517	2048.0	131072.0
64.0	1024.0	0.736061151345	-0.00693121832145	2048.0	65536.0
144.0	224.0	0.686986487805	0.00699612059417	2155.19465478	32256.0
96.0	512.0	0.688265954795	-0.0109051736545	2172.23203181	49152.0
48.0	2048.0	0.706933520514	-0.00243152916114	2172.23203181	98304.0
112.0	384.0	0.712818492424	-0.00680790999441	2194.74280953	43008.0
160.0	192.0	0.672988849349	0.00752517239001	2217.02503369	30720.0
180.0	160.0	0.647935941749	-0.00384650234405	2276.83991532	28800.0
128.0	320.0	0.701475514105	0.00101117555607	2289.73360896	40960.0
144.0	256.0	0.630082115639	-0.0106317181675	2304.0	36864.0
72.0	1024.0	0.650622003899	-0.00139022548511	2304.0	73728.0
160.0	224.0	0.608748704375	0.0101507200926	2394.66072754	35840.0
180.0	192.0	0.59629940425	0.0068908739006	2494.1531629	34560.0
128.0	384.0	0.610181614896	0.00635453105593	2508.27749661	49152.0
112.0	512.0	0.580615886921	-0.0027581848511	2534.27070377	57344.0
56.0	2048.0	0.603274471084	-0.00170279418242	2534.27070377	114688.0
160.0	256.0	0.557326787	-0.00595907195243	2560.0	40960.0
40.0	4096.0	0.612814770112	0.00348915508791	2560.0	163840.0
80.0	1024.0	0.578859199742	0.0059610056258	2560.0	81920.0
144.0	320.0	0.622001262163	-0.00172845452325	2575.95031008	46080.0
180.0	224.0	0.546740757179	0.00276460525275	2693.99331848	40320.0
144.0	384.0	0.540693838316	-0.00205987702924	2821.81218369	55296.0
160.0	320.0	0.548196360493	0.00600611547798	2862.1670112	51200.0
180.0	256.0	0.490830008875	0.00713445911883	2880.0	46080.0
128.0	512.0	0.494043925121	0.0102322828364	2896.30937574	65536.0
64.0	2048.0	0.529967533369	0.000160202233517	2896.30937574	131072.0
96.0	1024.0	0.487723423141	-0.00795752126022	3072.0	98304.0
48.0	4096.0	0.50517596154	0.00900567730192	3072.0	196608.0
160.0	384.0	0.474446530571	0.00901877992473	3135.34687076	61440.0
180.0	320.0	0.495241416761	-0.00331709770315	3219.9378876	57600.0
72.0	2048.0	0.471323262771	0.00213094204969	3258.34804771	147456.0
144.0	512.0	0.4347113554	0.00406278276907	3258.34804771	73728.0
180.0	384.0	0.421299695783	0.00375868529555	3527.26522961	69120.0
112.0	1024.0	0.413255967562	-0.00651934528351	3584.0	114688.0
56.0	4096.0	0.439018343913	0.00080622196454	3584.0	229376.0
160.0	512.0	0.396743323496	-0.00144970952185	3620.38671968	81920.0
80.0	2048.0	0.413856198527	0.00620484868632	3620.38671968	163840.0
180.0	512.0	0.347612973016	0.0022382900526	4072.93505963	92160.0
128.0	1024.0	0.352826182682	0.00254661109656	4096.0	131072.0
64.0	4096.0	0.380704140419	0.000732869792799	4096.0	262144.0
96.0	2048.0	0.346067337286	0.00108476644621	4344.46406361	196608.0
72.0	4096.0	0.341073460337	-0.00364360828874	4608.0	294912.0
144.0	1024.0	0.306990056682	0.00329912483983	4608.0	147456.0
112.0	2048.0	0.291657988251	0.00195991457724	5068.54140755	229376.0
80.0	4096.0	0.305145403979	7.33677636479e-06	5120.0	327680.0
160.0	1024.0	0.280680002775	-0.00280828026678	5120.0	163840.0
180.0	1024.0	0.247678380179	-0.00123765026021	5760.0	184320.0
128.0	2048.0	0.252729510982	0.00105688344372	5792.61875148	262144.0
96.0	4096.0	0.250417765562	-0.00158083394539	6144.0	393216.0
144.0	2048.0	0.224056294911	0.000126285534885	6516.69609542	294912.0
112.0	4096.0	0.210790562303	0.000851561847609	7168.0	458752.0
160.0	2048.0	0.195911980146	0.00388198427266	7240.77343935	327680.0
180.0	2048.0	0.175624353826	8.7803947524e-05	8145.87011927	368640.0
128.0	4096.0	0.182337721223	0.00135378411655	8192.0	524288.0
144.0	4096.0	0.163337271166	-0.00236585975524	9216.0	589824.0
160.0	4096.0	0.144025567771	-0.000827474922338	10240.0	655360.0
180.0	4096.0	0.126685785527	0.00109035229155	11520.0	737280.0
