	#Angle	Frequency	Speed	Average_Time	Errors	Capped_Errors	Failure_rate	0.1	0.2	0.3	0.4	0.5	0.6	0.7	0.8	0.9	1.0	1.2	1.4	1.6	1.8	2.0
0	0.0	1.0	0.27	0.1598543619	0.211538461538	0.211538461538	0.0	0.00534719726337	0.00865008820375	0.0119529772446	0.0152558733948	0.0185587643375	0.0218616443671	0.0251645242028	0.0284674305351	0.0317703214082	0.0350732190552	0.0416789800462	0.0482847491036	0.0548905713837	0.0614963227758	0.0681021285094
1	0.0	2.0	0.27	0.153321207011	0.0961538461538	0.0961538461538	0.0	0.00534719726337	0.00865008820375	0.0119529772446	0.0152558733948	0.0185587643375	0.0218616443671	0.0251645242028	0.0284674305351	0.0317703214082	0.0350732190552	0.0416789800462	0.0482847491036	0.0548905713837	0.0614963227758	0.0681021285094
2	0.0	4.0	0.27	0.141412771783	0.115384615385	0.115384615385	0.0	0.00534719726337	0.00865008820375	0.0119529772446	0.0152558733948	0.0185587643375	0.0218616443671	0.0251645242028	0.0284674305351	0.0317703214082	0.0350732190552	0.0416789800462	0.0482847491036	0.0548905713837	0.0614963227758	0.0681021285094
3	0.0	8.0	0.27	0.146865861736	0.134615384615	0.134615384615	0.0	0.00534719726337	0.00865008820375	0.0119529772446	0.0152558733948	0.0185587643375	0.0218616443671	0.0251645242028	0.0284674305351	0.0317703214082	0.0350732190552	0.0416789800462	0.0482847491036	0.0548905713837	0.0614963227758	0.0681021285094
4	0.0	13.0	0.27	0.152702402414	0.192307692308	0.192307692308	0.0	0.00534719726337	0.00865008820375	0.0119529772446	0.0152558733948	0.0185587643375	0.0218616443671	0.0251645242028	0.0284674305351	0.0317703214082	0.0350732190552	0.0416789800462	0.0482847491036	0.0548905713837	0.0614963227758	0.0681021285094
5	0.0	20.0	0.27	0.150918347902	0.173076923077	0.173076923077	0.0	0.00534719726337	0.00865008820375	0.0119529772446	0.0152558733948	0.0185587643375	0.0218616443671	0.0251645242028	0.0284674305351	0.0317703214082	0.0350732190552	0.0416789800462	0.0482847491036	0.0548905713837	0.0614963227758	0.0681021285094
6	0.0	30.0	0.27	0.16271906789	0.173076923077	0.173076923077	0.0	0.00534719726337	0.00865008820375	0.0119529772446	0.0152558733948	0.0185587643375	0.0218616443671	0.0251645242028	0.0284674305351	0.0317703214082	0.0350732190552	0.0416789800462	0.0482847491036	0.0548905713837	0.0614963227758	0.0681021285094
7	30.0	1.0	0.27	0.15004326875	0.25	0.25	0.0	0.0127643565191	0.0342856367384	0.0889041622833	0.123162893206	0.110445388182	0.268617567988	0.370377279664	0.423953973331	0.644102801461	0.168362509057	1.02293228871	1.07522627521	1.38854676374	1.59999633331	1.66940342683
8	30.0	2.0	0.27	0.148723202398	0.230769230769	0.230769230769	0.0	0.0221995846783	0.0755099667687	0.152065025276	0.246084151148	0.0443103817094	0.556701490787	0.651080505852	0.744843595105	0.861893487891	0.927852693464	1.0844861877	1.24782292771	1.39101842482	1.64396855869	1.82653318642
9	30.0	4.0	0.27	0.166999077816	0.269230769231	0.269230769231	0.0	0.0455424300881	0.145202992212	0.303007612827	0.387781571547	0.481740477409	0.511696538182	0.624191847706	0.691514021199	0.754826835912	0.91200457585	1.05495354681	1.12712135456	1.33491019255	1.55737344376	1.59675647324
10	30.0	8.0	0.27	0.16914117129	0.288461538462	0.288461538462	0.0	0.0785145098974	0.233356351896	0.316592387909	0.39078851806	0.479241815077	0.546509427285	0.656728446444	0.756416842661	0.847541965288	0.866050837786	1.08849588405	1.23895303398	1.46821934543	1.66691886833	1.70919860686
11	30.0	13.0	0.27	0.168204099933	0.365384615385	0.365384615385	0.0	0.116804107182	0.21359593711	0.300550342064	0.347696843976	0.43465618558	0.492562321684	0.593537160737	0.686495311525	0.718014953525	0.764637849854	0.924205650898	0.964668617256	1.18476613692	1.35530132751	1.48020654684
12	30.0	20.0	0.27	0.163181209748	0.326923076923	0.326923076923	0.0	0.13071634751	0.23534676702	0.314978915493	0.386205954964	0.490559200316	0.597582845784	0.63001672711	0.763309403432	0.801910379541	0.824078040567	1.02710406914	1.10766993933	1.30831412572	1.43047148731	1.62183155367
13	30.0	30.0	0.27	0.189618770138	0.269230769231	0.269230769231	0.0	0.132559434006	0.232444443	0.306601190387	0.375819143552	0.436427800839	0.511359515635	0.557096498444	0.640476274586	0.65088677031	0.792639339526	0.912499436745	1.05619773113	1.13316819227	1.26547024421	1.30538760086
14	60.0	1.0	0.27	0.166653898592	0.211538461538	0.211538461538	0.0	0.014592869932	0.0405751148262	0.0893264140308	0.145922447926	0.172994209261	0.284180528134	0.402422807213	0.443010280687	0.61811009927	0.16766649937	0.964345996582	1.11388199149	1.21097505234	1.41097026895	1.75666297962
15	60.0	2.0	0.27	0.145717898809	0.134615384615	0.134615384615	0.0	0.0329242108548	0.097964946578	0.184802827565	0.284301818739	0.0448858163038	0.600215238634	0.627331365476	0.754339306444	0.861278031731	1.00035577182	1.08105858418	1.35952941954	1.48127846753	1.57976590178	1.84573655915
16	60.0	4.0	0.27	0.162790177508	0.423076923077	0.423076923077	0.0	0.0538913786334	0.154502304594	0.297811610068	0.382733536774	0.452582058139	0.557495869343	0.605525792544	0.634289093141	0.729842450179	0.877665797342	0.960417012927	1.16040986424	1.21058355009	1.44556999767	1.59724211019
17	60.0	8.0	0.27	0.193549916979	0.403846153846	0.403846153846	0.0	0.0960012986527	0.228776806309	0.284132763527	0.359848626416	0.440656017356	0.522262875258	0.550103765641	0.619847292062	0.717528924556	0.722978394486	0.839189241284	1.00523451138	0.975146825471	1.15016162142	1.21464975999
18	60.0	13.0	0.27	0.19202160696	0.807692307692	0.807692307692	0.0	0.141069161201	0.221870233711	0.306645709602	0.35888323148	0.431048975305	0.475533959021	0.586612055164	0.612763202324	0.650730200968	0.801927375738	0.814737296429	0.977226531636	1.01791536623	1.19621000672	1.36090586292
19	60.0	20.0	0.27	0.201915202489	0.692307692308	0.692307692308	0.0	0.14049599548	0.23526304738	0.287729816251	0.362817292327	0.418072936527	0.481667984584	0.542381757417	0.565297877041	0.607429056139	0.67602692972	0.78474978739	0.696422244331	0.900151403268	0.989522135806	0.992296081052
20	60.0	30.0	0.27	0.182359389832	0.403846153846	0.403846153846	0.0	0.142481718178	0.216326255787	0.27132325891	0.333693296484	0.381735152422	0.428537216806	0.47182043721	0.508563507182	0.559492315923	0.611287466839	0.670262594328	0.65333286911	0.785442436978	0.777864744553	0.905947985021
21	90.0	1.0	0.27	0.156090095612	0.153846153846	0.153846153846	0.0	0.0162614802627	0.0461598697245	0.0994646108644	0.152407082074	0.206975013191	0.320958057259	0.43116114794	0.470731904329	0.642288854235	0.167349114146	1.05259388185	1.17595055601	1.34344514621	1.58895096327	1.82134134897
22	90.0	2.0	0.27	0.159367948131	0.269230769231	0.269230769231	0.0	0.0334768281041	0.0990781865112	0.194080877576	0.294477559144	0.0421124860474	0.576026182099	0.675532148737	0.718594114915	0.812926725743	0.837808764342	1.10848185785	1.26047202007	1.45009436137	1.58569208353	1.79128230311
23	90.0	4.0	0.27	0.17972450292	0.192307692308	0.192307692308	0.0	0.0580982321224	0.162574028714	0.307370590875	0.389173656152	0.441188540131	0.523986096746	0.569881385197	0.595866309837	0.631402203321	0.757724127873	0.858618363408	1.03393114466	1.15322864481	1.33066906975	1.38157667033
24	90.0	8.0	0.27	0.180575102153	0.288461538462	0.288461538462	0.0	0.105735115408	0.224981924616	0.287057894129	0.351565368941	0.438146118374	0.487497952709	0.497589106011	0.630755428644	0.610665808201	0.7259535757	0.803977095265	0.931477210013	0.919973546368	1.10636605296	1.20660489117
25	90.0	13.0	0.27	0.206405473338	0.403846153846	0.403846153846	0.0	0.142244439035	0.214050493183	0.27207234992	0.340427466102	0.379622043411	0.468091387944	0.489343935861	0.482469754716	0.536034069188	0.631137238305	0.689892659297	0.699111205513	0.927679272696	0.982271930782	1.02685270969
26	90.0	20.0	0.27	0.15812888012	0.346153846154	0.346153846154	0.0	0.148954456687	0.205648596005	0.261850942931	0.327363276901	0.352380730351	0.423483079717	0.433330111697	0.489370269075	0.511112122734	0.527759562378	0.563418986507	0.609100751613	0.605391114697	0.786776779661	0.798725248684
27	90.0	30.0	0.27	0.166102220976	0.269230769231	0.269230769231	0.0	0.136310834156	0.197755572845	0.23561627336	0.301185645428	0.331267025401	0.354019729027	0.392756130754	0.424242586831	0.452038652092	0.501741237005	0.497425146747	0.576160499496	0.5898581104	0.66321008637	0.572816963402
28	120.0	1.0	0.27	0.160417553035	0.25	0.25	0.0	0.0154768206148	0.0443049556597	0.0950432821833	0.149186238227	0.202499528548	0.308825585344	0.424832668926	0.492082879522	0.610993890596	0.1718103696	0.958206831131	1.11971106841	1.21907239284	1.32660534307	1.48723795027
29	120.0	2.0	0.27	0.166177276795	0.442307692308	0.442307692308	0.0	0.0268912756767	0.0821039480647	0.154900255388	0.255373967915	0.0419294090383	0.476845778749	0.587833967774	0.635263691154	0.617000087257	0.746533607653	0.908532125491	0.970346981733	1.01012841307	1.07285972885	1.25159395316
30	120.0	4.0	0.27	0.197248523866	0.596153846154	0.596153846154	0.0	0.0600213272579	0.164419797635	0.300992422701	0.369688051931	0.450056484836	0.500370550002	0.54611153761	0.609118031745	0.657036718994	0.72771689064	0.919374165596	0.923272088005	1.04650623908	1.17347188746	1.16273005234
31	120.0	8.0	0.27	0.182297210728	0.596153846154	0.596153846154	0.0	0.111753043482	0.222650613542	0.280097385339	0.347452616915	0.37690067776	0.404565731403	0.475709168408	0.530040449044	0.543318804619	0.543295428334	0.664233731358	0.658153286651	0.731692605807	0.776386201584	0.774948668848
32	120.0	13.0	0.27	0.157426762558	0.192307692308	0.192307692308	0.0	0.14991255714	0.2228782911	0.263071055819	0.30658426668	0.390135822426	0.387848177359	0.434292235328	0.50826170932	0.531158058972	0.587929676881	0.628318551562	0.690214068238	0.712142182627	0.686093623571	0.74286738985
33	120.0	20.0	0.27	0.151231212226	0.230769230769	0.230769230769	0.0	0.1437867073	0.195530336037	0.238740703555	0.266029905399	0.304632383048	0.329160019258	0.372038014152	0.397778054753	0.455646565338	0.479684620197	0.520333808332	0.532385667811	0.653205679794	0.705690040095	0.712807019383
34	120.0	30.0	0.27	0.169999357927	0.307692307692	0.307692307692	0.0	0.144276281651	0.193782029628	0.214027368271	0.245577015518	0.289057831587	0.332791139919	0.322825793847	0.350729996544	0.336304115963	0.422928163305	0.437736438044	0.483631488967	0.5058193356	0.551935108749	0.558199043843
35	180.0	1.0	0.27	0.173674192052	0.480769230769	0.480769230769	0.0	0.0162383212301	0.0464635807618	0.094678400088	0.150581106591	0.205785462144	0.30059080076	0.403167376916	0.444135616094	0.593107287195	0.171027266968	0.959253481127	1.00743908916	1.08710414362	1.27934072101	1.45501129084
36	180.0	2.0	0.27	0.194633794524	0.442307692308	0.442307692308	0.0	0.0296493497952	0.0911866298029	0.173767568692	0.273863383726	0.0423342772327	0.519058410086	0.563894120729	0.674873083792	0.710125119717	0.727878598519	0.813142562192	1.05824776793	1.01128545514	1.00360693382	1.2115959428
37	180.0	4.0	0.27	0.174347619541	0.365384615385	0.365384615385	0.0	0.0556561253725	0.152562902413	0.273737965166	0.327878089939	0.391684068158	0.428631213927	0.470192712512	0.446307398548	0.549482202143	0.545355452391	0.593799506778	0.742832298225	0.841449233022	0.874509733543	0.908296618499
38	180.0	8.0	0.27	0.169819763659	0.25	0.25	0.0	0.102555401018	0.212971736276	0.248822960415	0.295795473401	0.345307302782	0.388198612065	0.399404623302	0.428334555271	0.451654349574	0.521357452514	0.524114786443	0.627241250081	0.568755620338	0.523363132307	0.630967251566
39	180.0	13.0	0.27	0.165647707024	0.211538461538	0.211538461538	0.0	0.138249316114	0.204332351112	0.221373434304	0.259705630861	0.295129502536	0.341827973456	0.351261388886	0.325455030089	0.383941619162	0.428583567493	0.412676663757	0.430881343421	0.490127347987	0.581452522463	0.506744985423
40	180.0	20.0	0.27	0.147538069077	0.115384615385	0.115384615385	0.0	0.122664851825	0.176441290317	0.200458055861	0.215150179583	0.263369224533	0.257508718044	0.295386543915	0.314454384156	0.32791492833	0.335390175988	0.406393306722	0.41323275897	0.436451459469	0.476789063786	0.476333574037
41	180.0	30.0	0.27	0.145701072468	0.115384615385	0.115384615385	0.0	0.118976240086	0.165172269479	0.175268022035	0.212687382709	0.229510951715	0.246206284823	0.270839495822	0.272563708203	0.300892427443	0.322586624253	0.370575782477	0.344229814811	0.363840842477	0.388685960975	0.357435174626
42	0.0	1.0	0.54	0.158967450238	0.326923076923	0.326923076923	0.0	0.00864727744352	0.0152530593243	0.021858837406	0.0284646297063	0.0350704115918	0.041676171651	0.0482819313224	0.0548877439869	0.0614935257332	0.0680993210271	0.0813108430092	0.094522381124	0.107734025684	0.120945528468	0.134157139936
43	0.0	2.0	0.54	0.166410960344	0.461538461538	0.461538461538	0.0	0.00864727744352	0.0152530593243	0.021858837406	0.0284646297063	0.0350704115918	0.041676171651	0.0482819313224	0.0548877439869	0.0614935257332	0.0680993210271	0.0813108430092	0.094522381124	0.107734025684	0.120945528468	0.134157139936
44	0.0	4.0	0.54	0.157915727944	0.326923076923	0.326923076923	0.0	0.00864727744352	0.0152530593243	0.021858837406	0.0284646297063	0.0350704115918	0.041676171651	0.0482819313224	0.0548877439869	0.0614935257332	0.0680993210271	0.0813108430092	0.094522381124	0.107734025684	0.120945528468	0.134157139936
45	0.0	8.0	0.54	0.16126626097	0.365384615385	0.365384615385	0.0	0.00864727744352	0.0152530593243	0.021858837406	0.0284646297063	0.0350704115918	0.041676171651	0.0482819313224	0.0548877439869	0.0614935257332	0.0680993210271	0.0813108430092	0.094522381124	0.107734025684	0.120945528468	0.134157139936
46	0.0	13.0	0.54	0.17041297156	0.288461538462	0.288461538462	0.0	0.00864727744352	0.0152530593243	0.021858837406	0.0284646297063	0.0350704115918	0.041676171651	0.0482819313224	0.0548877439869	0.0614935257332	0.0680993210271	0.0813108430092	0.094522381124	0.107734025684	0.120945528468	0.134157139936
47	0.0	20.0	0.54	0.158467697057	0.25	0.25	0.0	0.00864727744352	0.0152530593243	0.021858837406	0.0284646297063	0.0350704115918	0.041676171651	0.0482819313224	0.0548877439869	0.0614935257332	0.0680993210271	0.0813108430092	0.094522381124	0.107734025684	0.120945528468	0.134157139936
48	0.0	30.0	0.54	0.156329496959	0.211538461538	0.211538461538	0.0	0.00864727744352	0.0152530593243	0.021858837406	0.0284646297063	0.0350704115918	0.041676171651	0.0482819313224	0.0548877439869	0.0614935257332	0.0680993210271	0.0813108430092	0.094522381124	0.107734025684	0.120945528468	0.134157139936
49	30.0	1.0	0.54	0.181766434964	0.557692307692	0.557692307692	0.0	0.0266983539084	0.0868690799078	0.194015407025	0.318921580316	0.446354304678	0.681956569458	0.932682217655	1.11272001851	1.36743446911	0.681532483478	2.16335566767	2.70702182735	3.03525519616	3.67560655332	4.11478653431
50	30.0	2.0	0.54	0.17609568642	0.365384615385	0.365384615385	0.0	0.0507336105697	0.168687966855	0.350557264944	0.56759879258	0.17675060467	1.11020638105	1.31718788854	1.47664520989	1.62272289185	1.929002368	2.39989740879	2.70021049448	3.1597512979	3.85639272491	4.40367108982
51	30.0	4.0	0.54	0.207496463457	0.846153846154	0.846153846154	0.0	0.0908563907501	0.288677537117	0.554319789841	0.716259692865	0.87078114022	1.02046741811	1.21619963333	1.43563386725	1.5784975234	1.81012740496	2.27849974852	2.6364953909	2.95946412205	3.5987736224	3.96054272283
52	30.0	8.0	0.54	0.221203627327	0.980769230769	0.980769230769	0.0	0.165582908351	0.393086185038	0.542724978986	0.680540718473	0.893405854685	1.08547210738	1.23009363997	1.38030509955	1.66324147924	1.78338361547	2.17966057624	2.53597169887	3.05378181271	3.30981954229	3.80822291364
53	30.0	13.0	0.54	0.17662904528	0.730769230769	0.730769230769	0.0	0.21762517919	0.383011527567	0.547752620702	0.71147251639	0.911937067099	1.02969408258	1.27702234913	1.32254130746	1.51838139206	1.71532359487	2.10475671428	2.272793429	2.84604247406	3.24358810781	3.5043074949
54	30.0	20.0	0.54	0.240911550518	1.01923076923	1.01923076923	0.0	0.220377229147	0.383504759292	0.53025024711	0.647753060359	0.830032676177	1.00560780135	1.09521406417	1.38594185767	1.46743515953	1.56641553787	1.96781277575	2.26215517269	2.46780702908	3.00057703347	3.00566575975
55	30.0	30.0	0.54	0.256934378426	1.34615384615	1.17307692308	5.76923076923	0.226135304741	0.377704084078	0.529056283344	0.694443924478	0.843424238527	0.985673002241	1.13396150726	1.40736515833	1.47422979852	1.6171179624	1.71818267804	2.18821888819	2.52988795473	2.819137488	3.30673449512
56	60.0	1.0	0.54	0.163026681669	0.346153846154	0.346153846154	0.0	0.0297246124307	0.0954391209386	0.20320424728	0.335860606837	0.506361823477	0.717457496153	0.944246794235	1.17961330479	1.43732657175	0.674556115814	2.25111306849	2.69186229544	3.23432553821	3.66893721281	3.97428471498
57	60.0	2.0	0.54	0.194794288067	0.788461538462	0.769230769231	1.92307692308	0.0485048244574	0.160182262826	0.322454303068	0.537262090863	0.160447021177	1.02205815045	1.17988886522	1.34199334254	1.59981444766	1.73829061512	1.97514922514	2.316826565	2.86446603373	3.30629505547	3.60165860654
58	60.0	4.0	0.54	0.237704215434	1.17307692308	1.15384615385	1.92307692308	0.0896869321321	0.286093131091	0.503036440563	0.673829048607	0.828877841638	0.950220346508	1.16847425628	1.31997167781	1.48665293546	1.63918014121	2.04341511608	2.3885865202	2.59669576025	2.97070470024	3.4042316861
59	60.0	8.0	0.54	0.332719687754	1.78846153846	1.44230769231	9.61538461538	0.171295002166	0.378437048606	0.514305969108	0.676286268196	0.868266926559	0.997337394747	1.10235838242	1.21315672206	1.4106264955	1.54290193903	1.81930555023	2.09592082595	2.50973644471	2.56043413429	2.84443740289
60	60.0	13.0	0.54	0.341460578107	2.5	1.80769230769	13.4615384615	0.230914921582	0.379109405592	0.537231934141	0.683154749721	0.817791411798	1.0041353164	1.07127445976	1.19770529088	1.4819710929	1.44211630498	1.63830890661	1.88823198355	2.25919420625	2.54379822683	2.59328441435
61	60.0	20.0	0.54	0.43480733924	2.98076923077	2.28846153846	17.3076923077	0.224450616152	0.365194792949	0.518990794383	0.634396774372	0.763936543516	0.900780413418	0.959022488765	1.04720908278	1.12408615354	1.33368814925	1.51340162988	1.79638647707	2.2302047937	2.05895713845	2.33444005545
62	60.0	30.0	0.54	0.327855196053	2.61538461538	2.07692307692	13.4615384615	0.228576811384	0.369899327305	0.494346785779	0.578685386534	0.725487478853	0.806866299903	0.877959214383	0.961015771401	1.07000180633	1.20351811362	1.34854109517	1.45771660539	1.4934585992	1.71404638435	1.87637159532
63	90.0	1.0	0.54	0.189430747379	0.480769230769	0.480769230769	0.0	0.029236828339	0.0947035745607	0.195862536783	0.328812744818	0.494251778356	0.687279473187	0.906190334527	1.1357860442	1.4159803812	0.673389557455	2.12543858591	2.51243558458	2.85386709882	3.32154872734	3.83439650566
64	90.0	2.0	0.54	0.232235695784	1.26923076923	1.23076923077	1.92307692308	0.0500904866135	0.162971935385	0.341564117327	0.565281394241	0.165459508582	1.03574732725	1.21403113964	1.38866151487	1.48565708423	1.71141832204	2.17000519655	2.44903218697	2.63863864209	3.33171173395	3.64924263728
65	90.0	4.0	0.54	0.305938972411	1.80769230769	1.63461538462	5.76923076923	0.0912206005886	0.290690051936	0.517728293004	0.661965067034	0.810880763092	0.918557868128	1.0228153269	1.23685902534	1.32840017049	1.3571524247	1.64381270435	1.90349851096	2.18577813335	2.44232647349	2.85681906604
66	90.0	8.0	0.54	0.300124593443	2.34615384615	2.11538461538	9.61538461538	0.179495557081	0.373548315029	0.505502386433	0.633850334588	0.761046656837	0.86073722092	0.985308282371	1.1393415277	1.29768398277	1.21983617606	1.54340566471	1.74266586785	1.79953558202	1.97319555037	2.38439605047
67	90.0	13.0	0.54	0.354123403218	2.48076923077	1.92307692308	11.5384615385	0.234202227239	0.384069282751	0.489937647712	0.603500748398	0.751190761603	0.796616887068	0.948926560167	1.08399359645	0.974027568324	1.21516230448	1.35136260323	1.37729111707	1.56056010981	1.63563141326	1.89727859342
68	90.0	20.0	0.54	0.327902827631	1.92307692308	1.48076923077	7.69230769231	0.223570163816	0.354959627859	0.469404393888	0.583797300526	0.669676004871	0.716634897392	0.88802786154	0.859939311991	0.988231599238	1.0074266254	1.09646877736	1.27391167776	1.3896770224	1.47431309713	1.62980437436
69	90.0	30.0	0.54	0.274426813582	1.26923076923	1.21153846154	3.84615384615	0.212490341258	0.328550702464	0.421674327765	0.480881857322	0.571790269649	0.671594867134	0.746711301025	0.792618596513	0.850891989491	1.01863284496	1.08063687532	1.08629609632	1.20072962663	1.15660364374	1.14598176375
70	120.0	1.0	0.54	0.187931012747	0.692307692308	0.653846153846	1.92307692308	0.0255043892531	0.0844528506119	0.175805575579	0.295195678912	0.454128146854	0.623319425004	0.818405995138	1.01858079976	1.23328478756	0.667556509505	1.92491591803	2.26270144949	2.45443681207	2.89007511931	3.43138351669
71	120.0	2.0	0.54	0.348373960658	2.13461538462	1.92307692308	5.76923076923	0.0468421963274	0.151923475063	0.316412252926	0.515133260902	0.168091901354	0.917347280471	1.0510996023	1.23903553274	1.38244132976	1.58802830257	1.6391853063	2.09456133867	2.16240677796	2.46285466795	2.83132412759
72	120.0	4.0	0.54	0.477866135685	2.98076923077	2.26923076923	13.4615384615	0.0949964635463	0.300273934552	0.532665323147	0.658132551276	0.797188554055	0.962202069066	1.07259896739	1.18970854128	1.30262856865	1.47884456084	1.73535705487	1.89429421092	2.23650612701	2.09211156055	2.98952769462
73	120.0	8.0	0.54	0.337940634859	2.21153846154	1.78846153846	9.61538461538	0.180790106477	0.364636409258	0.491851486799	0.610612083086	0.740847036847	0.769620536551	0.886530977758	1.02300226637	1.16517572428	1.04894522503	1.22900229726	1.48465477812	1.44977259329	1.41259790229	1.79265146431
74	120.0	13.0	0.54	0.33753626625	2.07692307692	1.76923076923	9.61538461538	0.219328560702	0.349884456754	0.458518711371	0.560881056401	0.635183862968	0.756802593161	0.781890849495	0.871387971584	0.862663226873	1.02847383716	1.24164830787	1.24219353822	1.42665000062	1.19678481806	1.33239863085
75	120.0	20.0	0.54	0.185816015481	0.711538461538	0.711538461538	0.0	0.219237173805	0.312352068568	0.401335084178	0.49252796826	0.557231665289	0.562975779591	0.571889920544	0.632086465167	0.673492325473	0.713034978408	0.942220662812	0.991383658163	0.975511537308	1.14980681344	1.18665409159
76	120.0	30.0	0.54	0.197244755793	0.769230769231	0.769230769231	0.0	0.208517726096	0.302571139875	0.395663408912	0.455898270116	0.527133399541	0.566493266633	0.608717991612	0.638676094301	0.696630782285	0.735030020292	0.91972661118	0.832940234384	0.942213484593	0.818379574958	0.903760313595
77	180.0	1.0	0.54	0.248548917693	0.980769230769	0.942307692308	3.84615384615	0.0282818836629	0.0964952888914	0.187301111899	0.323184816927	0.517139948821	0.652439792239	0.847075508739	1.06400052188	1.30115615693	0.664858731175	1.84791564435	2.01354608556	2.36822083829	2.73399972519	2.8372671199
78	180.0	2.0	0.54	0.477556553767	2.80769230769	2.32692307692	13.4615384615	0.0469312367684	0.149076413519	0.30634603226	0.5002906981	0.171770615247	0.894058150699	1.05371054209	1.11922825379	1.31021035448	1.39860414812	1.60446821014	1.67676827779	1.87325516193	2.02572955005	2.46405628982
79	180.0	4.0	0.54	0.281217873016	1.90384615385	1.75	5.76923076923	0.0911355329918	0.282401831879	0.489664947762	0.591658135069	0.732473206758	0.738659097812	0.82786443494	0.906452257945	1.08067070604	1.08575842032	1.22768346713	1.42952510443	1.35067679089	1.46278260635	1.85189241287
80	180.0	8.0	0.54	0.296639516052	1.40384615385	1.11538461538	3.84615384615	0.169956008452	0.335631502373	0.452967059846	0.496759522943	0.578636730466	0.615905626009	0.699395646339	0.694301493505	0.715026447075	0.848143409513	0.919363757212	1.04159001961	1.27533747634	1.06290092652	1.37257897068
81	180.0	13.0	0.54	0.169520640557	0.5	0.5	0.0	0.212360204682	0.302609431976	0.377177278326	0.438977504868	0.498606258898	0.554056419994	0.59012558608	0.624305191141	0.628908449078	0.720032670185	0.789625901174	0.897994663259	1.11504800423	0.996722701154	1.05384290803
82	180.0	20.0	0.54	0.183492917224	0.519230769231	0.519230769231	0.0	0.198840026965	0.275896220081	0.338499472261	0.40243753615	0.4098305358	0.466962881846	0.520320908368	0.545618670337	0.640179820685	0.563909196094	0.650426955258	0.745117927717	0.777854323214	0.784709253252	0.971661801492
83	180.0	30.0	0.54	0.171982224093	0.403846153846	0.403846153846	0.0	0.196654893001	0.250306334947	0.298056877355	0.314800754681	0.379357362682	0.428511801723	0.436263574551	0.478363609038	0.538433168364	0.535470407726	0.552292499425	0.569951311529	0.662085902687	0.682115753574	0.843933195751
84	0.0	1.0	0.81	0.205422971183	0.711538461538	0.711538461538	0.0	0.011947357624	0.0218560304454	0.0317646975683	0.0416733860191	0.0515820588477	0.0614906989368	0.0713993384442	0.0813080574412	0.0912167300611	0.101125423002	0.120942705976	0.140760013149	0.16057747999	0.180394734167	0.200212151368
85	0.0	2.0	0.81	0.172840366367	0.634615384615	0.634615384615	0.0	0.011947357624	0.0218560304454	0.0317646975683	0.0416733860191	0.0515820588477	0.0614906989368	0.0713993384442	0.0813080574412	0.0912167300611	0.101125423002	0.120942705976	0.140760013149	0.16057747999	0.180394734167	0.200212151368
86	0.0	4.0	0.81	0.207921085306	0.711538461538	0.711538461538	0.0	0.011947357624	0.0218560304454	0.0317646975683	0.0416733860191	0.0515820588477	0.0614906989368	0.0713993384442	0.0813080574412	0.0912167300611	0.101125423002	0.120942705976	0.140760013149	0.16057747999	0.180394734167	0.200212151368
87	0.0	8.0	0.81	0.178190843279	0.326923076923	0.326923076923	0.0	0.011947357624	0.0218560304454	0.0317646975683	0.0416733860191	0.0515820588477	0.0614906989368	0.0713993384442	0.0813080574412	0.0912167300611	0.101125423002	0.120942705976	0.140760013149	0.16057747999	0.180394734167	0.200212151368
88	0.0	13.0	0.81	0.189573783603	0.692307692308	0.673076923077	1.92307692308	0.011947357624	0.0218560304454	0.0317646975683	0.0416733860191	0.0515820588477	0.0614906989368	0.0713993384442	0.0813080574412	0.0912167300611	0.101125423002	0.120942705976	0.140760013149	0.16057747999	0.180394734167	0.200212151368
89	0.0	20.0	0.81	0.224570672962	0.903846153846	0.903846153846	0.0	0.011947357624	0.0218560304454	0.0317646975683	0.0416733860191	0.0515820588477	0.0614906989368	0.0713993384442	0.0813080574412	0.0912167300611	0.101125423002	0.120942705976	0.140760013149	0.16057747999	0.180394734167	0.200212151368
90	0.0	30.0	0.81	0.157845095295	0.461538461538	0.461538461538	0.0	0.011947357624	0.0218560304454	0.0317646975683	0.0416733860191	0.0515820588477	0.0614906989368	0.0713993384442	0.0813080574412	0.0912167300611	0.101125423002	0.120942705976	0.140760013149	0.16057747999	0.180394734167	0.200212151368
91	30.0	1.0	0.81	0.2239215552	0.923076923077	0.846153846154	1.92307692308	0.0461823571389	0.158988498662	0.343495228076	0.578904055706	0.855090698054	1.22616206166	1.62251664112	2.0667523005	2.47316824137	1.49158150294	3.87078468135	4.72378490068	5.56883805146	6.39805857732	7.42839405729
92	30.0	2.0	0.81	0.261439742862	0.788461538462	0.788461538462	0.0	0.0697393936296	0.245628022029	0.512418788166	0.856288043927	0.36626278057	1.66739177145	1.96956147056	2.35047218781	2.48651077793	3.0604949238	3.89968260556	4.59625131851	5.19146894377	6.30693111564	7.0345013212
93	30.0	4.0	0.81	0.256189551209	1.46153846154	1.36538461538	1.92307692308	0.127689088205	0.434358271515	0.788016143671	1.06501614174	1.36070455491	1.70333971669	2.00270798724	2.22537262545	2.58942655947	2.85798147916	3.79610466335	4.37212644255	5.26838402392	6.01844633385	7.01145144022
94	30.0	8.0	0.81	0.300180768615	1.55769230769	1.38461538462	5.76923076923	0.240823447982	0.541263957647	0.776939150912	1.05491175933	1.37072774443	1.64718581404	1.94182925861	2.19101110885	2.50582041619	2.92102116972	3.43757594494	4.22864440076	5.06306355596	5.77699255078	6.00453774131
95	30.0	13.0	0.81	0.376491140819	2.13461538462	1.84615384615	7.69230769231	0.311353630704	0.571087848384	0.823535561103	1.06268354539	1.288334992	1.62884852009	1.88232932399	2.16615897623	2.56043734716	2.89157820673	3.47700328089	4.02391466395	4.99356531441	5.30617565148	6.00462877847
96	30.0	20.0	0.81	0.286563671106	1.96153846154	1.75	11.5384615385	0.316979812386	0.550628297218	0.809886080768	1.07149897437	1.32582647888	1.64756072896	1.84176715999	2.19176066238	2.40050208601	2.72971377323	3.29616935736	3.85032813154	4.06621623105	4.7825609568	5.3979882426
97	30.0	30.0	0.81	0.475249192279	4.67307692308	2.80769230769	32.6923076923	0.306163142126	0.52656309423	0.771083257894	0.981170544676	1.19368783466	1.42498131279	1.78073266615	2.02729199106	2.2618070632	2.52759373227	2.86926582609	3.29249933216	3.74640158347	4.60135930931	5.04930717854
98	60.0	1.0	0.81	0.216131472719	1.05769230769	1.05769230769	0.0	0.0453651815851	0.159333662877	0.337985899074	0.571944646379	0.861504402444	1.1939830323	1.56598142956	1.97972620227	2.44144202627	1.56095204875	3.73622405386	4.47315269182	5.33145042057	6.29711317296	6.65886052556
99	60.0	2.0	0.81	0.287190541643	1.67307692308	1.48076923077	5.76923076923	0.0716632643798	0.244746930639	0.515915191191	0.860182691441	0.365296077939	1.60255290062	1.93224631091	2.15137622772	2.62161732821	2.87497317225	3.68919722737	3.91064776071	5.0626240528	5.64141637875	6.66243559332
100	60.0	4.0	0.81	0.342297358245	2.40384615385	2.05769230769	11.5384615385	0.130009266469	0.429979708056	0.797511014813	1.04678461307	1.39450462645	1.56056983499	1.75103636379	2.1066486818	2.32236375014	2.69683378798	3.0998383755	3.91681226099	4.42143700882	4.89263453356	5.901438424
101	60.0	8.0	0.81	0.402644621875	3.55769230769	2.42307692308	30.7692307692	0.263797566003	0.583157580892	0.822139514327	1.11756699549	1.39269165958	1.56914605839	1.932826144	2.23369660113	2.37654883621	2.64564758559	3.27413728982	3.7998774296	4.11906316704	5.01170881745	5.55126190081
102	60.0	13.0	0.81	0.576057374805	5.07692307692	2.92307692308	36.5384615385	0.321485956404	0.563498909596	0.786689222853	1.02850277674	1.26734765395	1.46609828702	1.72841726274	1.94644482175	2.21280147945	2.44083163865	2.83246216978	3.17035708899	3.57480359074	4.27296116989	4.09287992231
103	60.0	20.0	0.81	0.683238850262	8.01923076923	3.32692307692	42.3076923077	0.297552684844	0.510057237637	0.733071859758	0.91718080545	1.14174731084	1.27585980796	1.38773683275	1.74237094221	1.7314129504	1.96730846244	2.3498809111	2.55887633071	2.72900192863	3.05636218921	3.56591767739
104	60.0	30.0	0.81	0.607811553969	7.36538461538	3.51923076923	46.1538461538	0.305531434233	0.492998084576	0.693973283223	0.898651747259	1.08909493888	1.25420953327	1.51552306484	1.53982872608	1.70105934489	1.78552370342	2.18269837313	2.35684236842	2.50129140617	2.89758105054	2.96189829041
105	90.0	1.0	0.81	0.227366770785	0.923076923077	0.923076923077	0.0	0.0477437138589	0.164980519908	0.343699370243	0.582377170976	0.882305434277	1.20513146133	1.59853497403	1.96767974751	2.41068603549	1.5421576197	3.66652533406	4.31064746718	4.83854553598	5.77700700616	6.6149758398
106	90.0	2.0	0.81	0.39516499968	2.69230769231	1.63461538462	13.4615384615	0.0722540107005	0.245769361303	0.509709897658	0.845314636598	0.37477362853	1.53676199608	1.84610770088	1.99520914854	2.35528187707	2.79417781821	3.21009198453	4.02029597533	4.51253164757	5.02921615683	5.77131115582
107	90.0	4.0	0.81	0.46657599305	3.21153846154	2.46153846154	21.1538461538	0.126751365091	0.426761621171	0.769674779868	0.950539823031	1.29608876299	1.46158725685	1.70644000336	1.93507652737	2.11869283698	2.34490592973	2.84448078406	3.3020751905	3.49917473724	4.05037711239	4.2293797823
108	90.0	8.0	0.81	0.527125519742	7.32692307692	3.36538461538	50.0	0.240055778603	0.529664339096	0.712492123821	0.902804804277	1.1402741896	1.29244500622	1.50949092621	1.58980319605	1.77049211083	1.90542545713	2.4582330971	2.7500879785	2.86147155593	3.27812254592	3.71179307766
109	90.0	13.0	0.81	0.562225624281	6.57692307692	3.09615384615	36.5384615385	0.291780857981	0.49019782759	0.666878790167	0.890143898575	0.964978169313	1.19588254051	1.26579071709	1.3989782259	1.6661650789	1.72213398983	1.99669432381	2.06568794805	2.46743100827	2.99944238042	3.19349088261
110	90.0	20.0	0.81	0.457013889863	4.38461538462	2.98076923077	32.6923076923	0.298016787491	0.488942247111	0.669668061318	0.790761811835	0.907015687418	1.10300327883	1.18441061072	1.24796949525	1.42906067886	1.58786861233	1.61665416036	1.84844972806	1.99485618715	2.23195771282	2.20190151859
111	90.0	30.0	0.81	0.390421829746	4.46153846154	2.73076923077	32.6923076923	0.299033489988	0.453573321959	0.588406701134	0.709878471066	0.910040271814	1.05749815002	1.08429901884	1.15205179434	1.24216782151	1.29001217949	1.4300417543	1.4305581503	1.99168176854	2.02894626284	1.96376344035
112	120.0	1.0	0.81	0.286766029521	1.5	1.38461538462	5.76923076923	0.0450901831123	0.157811266154	0.325657341138	0.548360777454	0.85906979188	1.14397622698	1.50612499448	1.8770845947	2.32958248696	1.50794468068	3.3737769498	3.93811449602	4.6231715908	5.42433922636	6.33405321476
113	120.0	2.0	0.81	0.425326378402	3.09615384615	2.40384615385	17.3076923077	0.0713759629757	0.242430727732	0.508067523613	0.842626094796	0.376591607999	1.54671475305	1.71526086941	1.97117870789	2.22901498687	2.66613256458	2.94895706755	3.43326663529	3.93570703807	4.37457008633	5.26697287681
114	120.0	4.0	0.81	0.404777786423	5.65384615385	2.90384615385	36.5384615385	0.128773281054	0.423217850439	0.760037769877	0.979864563245	1.16969167853	1.45036803903	1.5591628418	1.69836628375	1.96453603472	2.02119234102	2.45893961912	2.85281823232	3.34385668643	3.49762612122	3.91758773585
115	120.0	8.0	0.81	0.594486437297	7.34615384615	3.57692307692	51.9230769231	0.242457396157	0.519857605249	0.734733389986	0.870116176995	1.08277487626	1.10348128389	1.32978859196	1.54996885519	1.81219621653	1.82581148165	2.20328046677	2.41877783017	2.53315694703	2.6395991938	2.72119872975
116	120.0	13.0	0.81	0.45748283907	6.26923076923	3.21153846154	38.4615384615	0.29582067055	0.499970985685	0.648968466559	0.808139884104	0.874677560851	1.01678327799	1.23169094741	1.25882189599	1.36091404845	1.44934095128	1.72677723656	1.82849048596	2.00356032467	2.0435072801	2.02214224127
117	120.0	20.0	0.81	0.486472456755	3.36538461538	2.71153846154	19.2307692308	0.284490597567	0.455841187474	0.557917717662	0.656000310745	0.77023686214	0.877379739809	0.921651291165	1.05174616594	1.04112661911	1.20321422295	1.36945871453	1.49423558704	1.50964710931	1.87946211991	1.69567918878
118	120.0	30.0	0.81	0.241816070728	1.5	1.28846153846	5.76923076923	0.271717225997	0.400624356989	0.529637746903	0.585079567386	0.694363418861	0.809508271234	0.835092362337	0.920207582814	1.0224667722	1.13035854167	1.23870660072	1.15495682274	1.51413586265	1.48467765812	1.51861728667
119	180.0	1.0	0.81	0.331317002698	2.03846153846	1.69230769231	7.69230769231	0.0424061335961	0.15516940318	0.314312990741	0.530195540681	0.855765391649	1.0960226017	1.39587839378	1.76131745797	2.12857469163	1.54981656602	3.0621152942	3.39292637282	4.18014833025	4.50497657941	4.95261961183
120	180.0	2.0	0.81	0.671524198168	5.26923076923	2.78846153846	32.6923076923	0.0693948735809	0.232874873013	0.473962013791	0.774235919698	0.385612287678	1.35742406476	1.55734161036	1.85202514378	1.88244486186	2.14971611571	2.52056347642	2.72190165135	2.87688897406	3.35221391441	3.77479734996
121	180.0	4.0	0.81	0.548019781944	6.19230769231	3.46153846154	50.0	0.125557760755	0.413306282221	0.705688255244	0.87191965543	1.09133043915	1.26429704397	1.33362474982	1.42902022206	1.58794234815	1.63461066078	1.93949042179	1.99887431144	2.31856380831	2.54863569423	2.91622768712
122	180.0	8.0	0.81	0.445306379719	3.15384615385	2.21153846154	19.2307692308	0.229664981324	0.464541873525	0.622999750208	0.716045442578	0.827428398902	0.972528404774	1.08657896279	1.06041725992	1.15739758264	1.44523445999	1.57123160201	1.48597634423	1.67884777264	1.74017402675	1.78768153229
123	180.0	13.0	0.81	0.342908365786	1.67307692308	1.42307692308	7.69230769231	0.27926462925	0.426054804998	0.554488882838	0.643456305452	0.664239694226	0.751661881454	0.859752983115	0.89499810085	1.07136004767	1.1125205482	1.14443190934	1.20773266898	1.22802970213	1.38370498681	1.70449226804
124	180.0	20.0	0.81	0.249385915409	1.07692307692	1.05769230769	1.92307692308	0.247613107194	0.365704175993	0.464497560507	0.546172775301	0.634263288227	0.673129583032	0.709765449246	0.754308179174	0.884886146199	0.890163012621	0.815824677711	1.10663634644	1.02866994201	1.22384666413	1.29538852246
125	180.0	30.0	0.81	0.21839812679	1.15384615385	1.13461538462	1.92307692308	0.240688717892	0.326616349361	0.410878156527	0.455317893332	0.542279256747	0.595943300439	0.656607565914	0.751320568834	0.752380136728	0.790248526424	0.906180449193	1.08685388997	0.90051431988	0.925504921497	1.14139832163
